http://www.macworld.co.uk/,17
/search/,10
http://www.macworld.co.uk/apple/,23
http://www.macworld.co.uk/news/apple/,20
http://www.macworld.co.uk/review/apple/,10
http://www.macworld.co.uk/mac/,22
http://www.macworld.co.uk/review/imac/,23
http://www.macworld.co.uk/review/mac-laptops/,23
http://www.macworld.co.uk/news/mac/,20
http://www.macworld.co.uk/how-to/mac/,20
http://www.macworld.co.uk/review/mac-software/,10
http://www.macworld.co.uk/download/,20
http://www.macworld.co.uk/ipad/,20
http://www.macworld.co.uk/review/ipad/,23
http://www.macworld.co.uk/review/ios-apps/,33
http://www.macworld.co.uk/news/ipad/,20
http://www.macworld.co.uk/how-to/ipad/,20
http://www.macworld.co.uk/iphone/,20
http://www.macworld.co.uk/review/iphone/,23
http://www.macworld.co.uk/news/iphone/,20
http://www.macworld.co.uk/how-to/iphone/,20
http://www.macworld.co.uk/news/,26
http://www.macworld.co.uk/news/mac-software/,10
http://www.macworld.co.uk/news/iosapps/,10
http://www.macworld.co.uk/review/,27
http://www.macworld.co.uk/review/mac-pro/,13
http://www.macworld.co.uk/review/mac-mini/,13
http://www.macworld.co.uk/review/mac-software,13
http://www.macworld.co.uk/review/ipod/,13
http://www.macworld.co.uk/review/apple-tv/,13
http://www.macworld.co.uk/review/apple-watch/,13
http://www.macworld.co.uk/review/ios-mac-accessories/,13
http://www.macworld.co.uk/how-to/,24
http://www.macworld.co.uk/how-to/mac-software/,10
http://www.macworld.co.uk/how-to/iosapps/,10
http://www.macworld.co.uk/forum/,20
http://www.macworld.co.uk/forum/mac-help-tips-31/,10
http://mresell.macworld.co.uk ,20
None,10
https://twitter.com/MacworldUK,20
https://www.facebook.com/MacworldUK,20
https://plus.google.com/102391000274002633151,10
http://www.youtube.com/channel/UCT7WejN8j_nGiSfwK8TnBcw,10
http://www.macworld.co.uk/rss/,10
http://www.macworld.co.uk/news/apple/apple-march-2016-event-watch-straps-iphone-se-ipad-air-3-macs-invitation-podcast-3599868/,16
http://www.macworld.co.uk/feature/iosapps/58-funny-things-ask-siri-on-ios-2016-3633686/,10
http://www.macworld.co.uk/news/iphone/iphone-7-release-launch-date-new-features-images-rumours-headphone-waterproof-oled-pro-chassis-leak-march-invite-3530504/,12
http://www.macworld.co.uk/news/iphone/iphone-se-6c-5se-release-date-launch-rumours-invitation-podcast-3500611/,12
http://www.macworld.co.uk/news/apple/new-apple-tv-uk-price-how-to-buy-3419647/,12
http://www.macworld.co.uk/news/mac/new-retina-imac-2015-release-date-features-specs-price-launch-broadwell-skylake-3511338/,12
http://www.macworld.co.uk/feature/iosapps/best-iphone-ipad-apps-for-kids-toddlers-children-3516266/,12
http://www.macworld.co.uk/how-to/iphone/11-great-3d-touch-tips-tricks-for-iphone-6s-6s-plus-suggestions-3626954/,8
http://www.macworld.co.uk/feature/apple/look-back-at-apples-most-cryptic-event-invites-march-2016-3580095/,6
http://www.macworld.co.uk/feature/iphone/11-best-festival-gadgets-solar-charger-battery-pack-portable-speaker-2016-3526250/,6
,9
http://www.macworld.co.uk/latest/,6
http://www.macworld.co.uk/news/ipad/new-ipad-air-3-release-date-launch-rumours-invites-how-to-watch-podcast-3481268/,8
http://www.macworld.co.uk/news/apple/apple-watch-2-straps-rumours-release-date-how-to-watch-podcast-3606039/,14
http://www.macworld.co.uk/news/mac/2016-macbook-pro-retina-release-date-march-invite-how-to-watch-podcast-3593988/,16
http://www.macworld.co.uk/news/mac/new-2016-macbook-air-retina-release-date-rumours-invite-how-to-watch-podcast-3605337/,18
http://www.macworld.co.uk/news/mac/new-macbook-12in-2016-release-date-rumours-invite-how-to-watch-podcast-3420655/,10
http://www.macworld.co.uk/news/iphone/iphone-7-plus-release-date-rumours-new-features-patents-images-specs-2016-7-march-pro-3630720/,2
http://www.macworld.co.uk/news/apple/apple-watch-price-availability-how-to-buy-uk-specs-battery-apps-shipping-watchos-2-release-date-2016-3425479/,6
http://www.macworld.co.uk/review/mac-laptops/which-macbook-13in-air-or-pro-comparison-review-video-apple-laptop-2016-3481192/,10
http://www.macworld.co.uk/review/ipad/apple-ipad-air-3-preview-design-features-spec-how-to-watch-3636263/,6
http://www.macworld.co.uk/review/iphone/iphone-se-preview-3625110/,6
http://www.macworld.co.uk/review/office-software/excel-for-mac-review-3612548/,4
http://www.macworld.co.uk/review/office-software/word-for-mac-2016-review-3612554/,4
http://www.macworld.co.uk/review/iphone/iphone-6s-vs-lg-g5-comparison-3635660/,6
http://www.macworld.co.uk/video/,4
http://www.macworld.co.uk/feature/iosapps/ios-9-download-now-should-you-update-ipad-iphone-how-to-upgrade-download-install-ios921-3495266/,10
http://www.macworld.co.uk/feature/,4
http://www.macworld.co.uk/how-to/ipad/how-use-ipad-as-teleprompter-uk-2016-3636946/,4
http://www.macworld.co.uk/how-to/iphone/how-download-youtube-videos-ipad-iphone-3636901/,4
http://www.macworld.co.uk/how-to/mac/how-professionally-clean-mac-iphone-ipad-apple-watch-screen-3609155/,6
http://www.macworld.co.uk/how-to/iphone/iphone-ipad-battery-life-ios-9-battery-saving-tips-2016-3513323/,4
http://www.macworld.co.uk/how-to/iosapps/how-install-whatsapp-on-ipad-without-jailbreaking-3636728/,4
http://www.pcadvisor.co.uk/review/android-smartphones/samsung-galaxy-s7-review-indepth-uk-3635183/,10
http://www.techadvisor.co.uk/opinion/windows/how-technology-has-changed-world-in-20-years/,10
http://www.digitalartsonline.co.uk/features/creative-business/how-to-deal-nightmare-clients/,10
http://www.macworld.co.uk/magazine/,10
http://www.macworld.co.uk/about/,10
http://www.macworld.co.uk/contact/,10
http://www.macworld.co.uk/site-map/,10
http://www.macworld.co.uk/advertise/,10
http://www.idg.co.uk/terms-and-conditions/privacy-policy/,10
http://www.idg.co.uk/terms-and-conditions/,10
http://www.idg.co.uk/terms-and-conditions/cookies/,10
http://www.idg.co.uk,10
http://www.macworld.co.uk/apple/rss,1
/news/apple/,3
/review/apple/,1
/how-to/apple/,1
http://www.macworld.co.uk/feature/iphone/10-best-fitness-bands-that-work-with-apples-health-app-2016-3605284/,2
http://www.macworld.co.uk/how-to/apple/how-spot-fake-apple-watch-3636640/,2
http://www.macworld.co.uk/how-to/mac/how-trace-stolen-macbook-use-find-my-mac-screenshots-3493958/,4
http://www.macworld.co.uk/news/apple/complete-guide-apple-pay-when-will-launch-uk-release-date-barclays-3544309/,4
http://www.macworld.co.uk/how-to/iphone/how-add-nicknames-siri-3636359/,2
http://www.macworld.co.uk/feature/apple/apple-watch-stands-chargers-accessories-docks-3604957/,2
http://www.macworld.co.uk/how-to/apple/how-book-apple-store-appointment-genius-3462785/,2
http://www.macworld.co.uk/news/apple/will-apple-make-icar-project-titan-rumour-roundup-bmw-tesla-tim-cook-3425394/,4
http://www.macworld.co.uk/feature/apple/7-cool-things-do-with-old-iphone-3635926/,2
http://www.macworld.co.uk/feature/apple/history-of-apple-steve-jobs-what-happened-mac-computer-3606104/,2
http://www.macworld.co.uk/how-to/mac/how-check-specs-of-your-mac-specifications-3594298/,2
http://www.macworld.co.uk/feature/mac/how-find-background-tasks-on-mac-3635406/,2
http://www.macworld.co.uk/feature/apple/new-ipod-touch-which-ipod-should-you-choose-2016-worth-buying-3589339/,2
http://www.macworld.co.uk/news/iphone/new-apple-beats-lightning-headphones-rumours-3529440/,4
http://www.macworld.co.uk/how-to/iphone/how-transfer-photos-from-iphone-pc-3634431/,2
http://www.macworld.co.uk/apple/?p=2,2
http://www.macworld.co.uk/apple/?p=3,1
http://www.macworld.co.uk/apple/?p=4,1
http://www.macworld.co.uk/apple/?p=5,1
http://www.macworld.co.uk/apple/?p=6,1
http://www.macworld.co.uk/apple/?p=7,1
http://www.macworld.co.uk/apple/?p=942,1
http://www.macworld.co.uk/news/apple/rss,1
/news/mac/,3
/news/mac-software/,2
/news/ipad/,2
/news/iphone/,2
/news/iosapps/,2
http://www.macworld.co.uk/news/mac/apple-announces-repair-programme-for-2013-mac-pros-with-broken-video-cards-3635187/,4
http://www.macworld.co.uk/news/apple/apple-streaming-service-itunes-subscription-release-date-rumours-espn-3610603/,2
http://www.macworld.co.uk/news/apple/are-cheap-non-apple-iphone-chargers-safe-electrical-charging-safety-faqs-apple-recall-3460975/,2
http://www.macworld.co.uk/news/apple/apple-q1-2016-financial-results-how-many-iphones-ipads-watch-macs-sold-revenue-results-3581769/,2
http://www.macworld.co.uk/news/apple/apple-2016-rumours-rumors-predictions-new-product-launches-iphone-6c-watch-2-ipad-air3-3510027/,2
http://www.macworld.co.uk/news/apple/apple-watch-is-now-a-remote-control-for-your-gopro-camera-and-drone-3631649/,2
http://www.macworld.co.uk/news/apple/win-christmas-gift-bundle-worth-940-3586887/,2
http://www.macworld.co.uk/news/apple/apple-makes-swift-open-source-so-its-influence-will-reach-beyond-the-walled-garden-3631137/,2
http://www.macworld.co.uk/news/apple/apple-buys-faceshift-a-motion-capture-company-3630524/,2
http://www.macworld.co.uk/news/apple/steve-jobs-movie-review-reaction-ditched-sorkin-boyle-fassbender-rogan-uk-release-3584183/,2
http://www.macworld.co.uk/news/apple/the-5-biggest-takeaways-from-apples-q4-2015-quarterly-earnings-3628309/,2
http://www.macworld.co.uk/news/apple/will-magic-trackpad-2-magic-mouse-2-magic-keyboard-work-with-your-mac-3628013/,4
http://www.macworld.co.uk/news/iphone/iphone-6s-release-date-price-specs-features-uk-rose-gold-contracts-deals-tarrifs-bugs-errors-samsung-tsmc-waterproof-3589633/,2
http://www.macworld.co.uk/news/apple/?p=2,2
http://www.macworld.co.uk/news/apple/?p=3,1
http://www.macworld.co.uk/news/apple/?p=4,1
http://www.macworld.co.uk/news/apple/?p=5,1
http://www.macworld.co.uk/news/apple/?p=6,1
http://www.macworld.co.uk/news/apple/?p=7,1
http://www.macworld.co.uk/news/apple/?p=796,1
http://www.macworld.co.uk/review/apple/rss,1
http://www.macworld.co.uk/review/iphone/iphone-6s-vs-samsung-galaxy-s7-three-things-samsung-does-better-3635415/,2
http://www.macworld.co.uk/review/mac-software/mac-os-x-el-capitan-mac-review-3613524/,2
http://www.macworld.co.uk/review/apple-tv/new-apple-tv-2015-review-pros-cons-tvos-siri-app-store-dictation-3531549/,2
http://www.macworld.co.uk/review/business/apple-pages-ipad-iphone-review-3476546/,2
http://www.macworld.co.uk/review/business/apple-numbers-2-6-1-ios-ipad-iphone-review-3476535/,2
http://www.macworld.co.uk/review/business/apple-keynote-2-6-1-ipad-iphone-review-3476783/,2
http://www.macworld.co.uk/review/office-software/apple-pages-mac-5-6-review-update-3476155/,2
http://www.macworld.co.uk/review/office-software/apple-numbers-3-6-mac-review-update-excel-3476157/,2
http://www.macworld.co.uk/review/office-software/apple-keynote-mac-6-6-review-3476759/,2
http://www.macworld.co.uk/review/ios-apps/apple-ios-9-review-uk-2016-3613323/,2
http://www.macworld.co.uk/review/apple-watch/apple-watch-review-specs-features-battery-uk-price-watchos-2-2016-3544044/,2
http://www.macworld.co.uk/review/ios-accessories/apple-pencil-review-ipad-pro-3628705/,2
http://www.macworld.co.uk/review/ipad/apple-ipad-air-2-review-updated-3544035/,2
http://www.macworld.co.uk/review/imac/which-imac-27-or-21-buying-advice-3526772/,4
http://www.macworld.co.uk/review/iphone/iphone-6s-review-3d-touch-live-photos-should-i-buy-uk-geekbench-benchmark-audio-3623611/,2
http://www.macworld.co.uk/review/imac/4k-retina-imac-21-inch-2015-31ghz-review-3627377/,4
http://www.macworld.co.uk/review/apple/?p=2,2
http://www.macworld.co.uk/review/apple/?p=3,1
http://www.macworld.co.uk/review/apple/?p=4,1
http://www.macworld.co.uk/review/apple/?p=5,1
http://www.macworld.co.uk/review/apple/?p=6,1
http://www.macworld.co.uk/review/apple/?p=7,1
http://www.macworld.co.uk/review/apple/?p=24,1
http://www.macworld.co.uk/mac/rss,1
/review/mac-desktops/,1
/how-to/mac/,1
/review/mac-laptops/,1
/review/mac-software/,1
http://www.macworld.co.uk/feature/mac/9-best-cases-bags-for-macbook-air-3632122/,2
http://www.macworld.co.uk/how-to/mac/how-create-mac-recovery-partition-os-x-el-capitan-yosemite-backup-free-3636717/,2
http://www.macworld.co.uk/how-to/mac-software/how-to-run-windows-10-on-mac-get-download-iso-bootcamp-update-3590513/,2
http://www.macworld.co.uk/how-to/iphone/how-sync-iphone-mac-itunes-without-deleting-content-3523862/,2
http://www.macworld.co.uk/how-to/mac/how-speed-up-slow-mac-3636548/,4
http://www.macworld.co.uk/how-to/mac/how-format-storage-drive-for-mac-3541758/,2
http://www.macworld.co.uk/how-to/iphone/how-use-iplayer-outside-uk-abroad-3634798/,2
http://www.macworld.co.uk/news/mac/win-stm-grace-macbook-accessory-bundle-3636390/,4
http://www.macworld.co.uk/news/mac/new-mac-mini-2016-release-date-specs-features-uk-price-rumours-march-3472956/,4
http://www.macworld.co.uk/news/mac/new-mac-pro-2016-release-date-apple-ditched-discontinued-3536364/,4
http://www.macworld.co.uk/how-to/mac-software/are-macs-safe-virus-hackers-malware-antivirus-ransomware-3454926/,2
http://www.macworld.co.uk/feature/mac/can-you-use-oculus-rift-with-mac-os-x-2016-palmer-luckey-3634238/,2
http://www.macworld.co.uk/feature/mac/ports-on-mac-iphone-ipad-usb-thunderbolt-lightning-firewire-magsafe-3606871/,2
http://www.macworld.co.uk/mac/?p=2,2
http://www.macworld.co.uk/mac/?p=3,1
http://www.macworld.co.uk/mac/?p=4,1
http://www.macworld.co.uk/mac/?p=5,1
http://www.macworld.co.uk/mac/?p=6,1
http://www.macworld.co.uk/mac/?p=7,1
http://www.macworld.co.uk/mac/?p=1024,1
http://www.macworld.co.uk/imac/,1
http://www.macworld.co.uk/review/imac/rss,1
http://www.macworld.co.uk/review/imac/2015-27-inch-imac-retina-5k-display-review-3627831/,2
http://www.macworld.co.uk/review/imac/retina-33ghz-imac-27in-preview-3612911/,2
http://www.macworld.co.uk/review/imac/mac-mini-late-2014-26-ghz-review-3601390/,2
http://www.macworld.co.uk/review/imac/2014-mac-mini-v-2012-model-comparison-review-specs-which-best-3590185/,2
http://www.macworld.co.uk/review/imac/best-apple-mac-mini-late-2014-review-3592891/,2
http://www.macworld.co.uk/review/imac/mac-mini-2014-review-new-features-upgradable-3474809/,2
http://www.macworld.co.uk/review/imac/retina-imac-in-depth-review-lab-test-3581076/,2
http://www.macworld.co.uk/review/imac/mac-pro-2014-preview-3581160/,2
http://www.macworld.co.uk/review/imac/imac-2014-review-3525635/,2
http://www.macworld.co.uk/review/imac/apple-imac-215-inch-mid-2014-with-fusion-drive-review-3534626/,2
http://www.macworld.co.uk/review/imac/mac-pro-six-core-35ghz-late-2013-review-3521418/,2
http://www.macworld.co.uk/review/imac/apple-mac-pro-quad-core-37ghz-late-2013-review-3517071/,2
http://www.macworld.co.uk/review/imac/apple-imac-215-inch-27-inch-late-2013-reviews-3470461/,2
http://www.macworld.co.uk/review/imac/apple-mac-mini-late-2012-review-3409119/,2
http://www.macworld.co.uk/review/imac/mac-pro-mid-2012-review-3367397/,2
http://www.macworld.co.uk/review/imac/apple-imac-late-2012-review-215-27-inch-3417250/,2
http://www.macworld.co.uk/review/imac/new-imac-2012-215in-review-3415611/,2
http://www.macworld.co.uk/review/imac/mac-mini-server-review-3324644/,2
http://www.macworld.co.uk/review/imac/?p=2,2
http://www.macworld.co.uk/mac-laptops/,1
http://www.macworld.co.uk/review/mac-laptops/rss,1
http://www.macworld.co.uk/review/mac-laptops/macbook-pro-15in-2-2-ghz-review-3616576/,2
http://www.macworld.co.uk/review/mac-laptops/macbook-pro-15in-2.5-review-3612671/,2
http://www.macworld.co.uk/review/mac-laptops/apple-13in-retina-macbook-pro-review-27ghz-256gb-early-2015-1199-3612051/,2
http://www.macworld.co.uk/review/mac-laptops/retina-macbook-2015-review-processor-speed-benchmarks-price-3595594/,2
http://www.macworld.co.uk/review/mac-laptops/retina-macbook-pro-review-15in-22ghz-mid-2014-3609512/,2
http://www.macworld.co.uk/review/mac-laptops/13-inch-macbook-air-early-2015-review-video-3601654/,2
http://www.macworld.co.uk/review/mac-laptops/new-11-inch-macbook-air-early-2015-review-3605712/,2
http://www.macworld.co.uk/review/mac-laptops/macbook-air-vs-macbook-comparison-3607058/,2
http://www.macworld.co.uk/review/mac-laptops/apple-13in-retina-macbook-pro-review-27ghz-128gb-early-2015-999-3601221/,2
http://www.macworld.co.uk/review/mac-laptops/macbook-vs-surface-3-pro-comparison-3605596/,2
http://www.macworld.co.uk/review/mac-laptops/new-12-inch-macbook-vs-ipad-air-2-3605589/,2
http://www.macworld.co.uk/review/mac-laptops/apple-macbook-pro-retina-13-inch-mid-2014-best-review-3573163/,2
http://www.macworld.co.uk/review/mac-laptops/macbook-pro-retina-review-15inch-2014-3533760/,2
http://www.macworld.co.uk/review/mac-laptops/apple-retina-macbook-pro-review-13in-2014-3533763/,2
http://www.macworld.co.uk/review/mac-laptops/non-retina-macbook-pro-review-3366321/,2
http://www.macworld.co.uk/review/mac-laptops/2014-macbook-air-13in-review-3514106/,2
http://www.macworld.co.uk/review/mac-laptops/11in-2014-macbook-air-review-3516793/,2
http://www.macworld.co.uk/review/mac-laptops/surface-pro-3-vs-macbook-air-comparison-review-3522530/,2
http://www.macworld.co.uk/review/mac-laptops/macbook-pro-15-inch-retina-2013-review-3491819/,2
http://www.macworld.co.uk/review/mac-laptops/?p=2,2
http://www.macworld.co.uk/news/mac/rss,1
http://www.macworld.co.uk/news/iphone/black-friday-cyber-monday-sales-apple-deals-discounts-savings-amazon-tech-live-blog-offers-uk-2015-30-3490877/,2
http://www.macworld.co.uk/news/mac/report-apple-will-replace-retina-macbook-pro-screens-with-bad-coating-3627592/,2
http://www.macworld.co.uk/news/mac/back-to-school-mac-buyers-guide-3623180/,2
http://www.macworld.co.uk/news/mac/apple-releases-firmware-update-for-new-macbook-pro-3620716/,2
http://www.macworld.co.uk/news/mac/how-to-configure-a-cheap-secure-raid-backup-system-3620533/,2
http://www.macworld.co.uk/news/mac/the-dwindling-arms-race-of-specs-3619366/,2
http://www.macworld.co.uk/news/mac/latest-el-capitan-beta-says-multi-touch-remote-and-215-inch-retina-4k-imac-coming-from-apple-3617833/,2
http://www.macworld.co.uk/news/mac/an-outpouring-of-love-for-the-playful-personality-filled-macintosh-classic-3616011/,2
http://www.macworld.co.uk/news/mac/thunderbolts-future-on-the-mac-could-be-saved-by-the-usb-c-port-3614329/,2
http://www.macworld.co.uk/news/mac/insteon-ships-its-homekit-enabled-hub-and-app-3614139/,2
http://www.macworld.co.uk/news/mac/woman-who-unwittingly-recycled-an-apple-i-has-100k-coming-her-way-3613786/,2
http://www.macworld.co.uk/news/mac/?p=2,2
http://www.macworld.co.uk/news/mac/?p=3,1
http://www.macworld.co.uk/news/mac/?p=4,1
http://www.macworld.co.uk/news/mac/?p=5,1
http://www.macworld.co.uk/news/mac/?p=6,1
http://www.macworld.co.uk/news/mac/?p=7,1
http://www.macworld.co.uk/news/mac/?p=911,1
