#main-content-area,10
http://www.alphr.com/,10
/technology,43
/business,36
/science,22
/cars,47
/life-culture,31
/the-future,36
/reviews,30
/hacks,21
https://www.facebook.com/alphrdotcom,20
https://twitter.com/alphr,20
http://dennis.msgfocus.com/dennis/b2c.php?utm_source=alphr.com%20&utm_medium=referral&utm_campaign=web0003pdv,20
https://www.linkedin.com/company/10018970,20
None,12
/technology/1003000/dji-phantom-4-review-dji-s-eye-in-the-sky-is-the-one-to-fly,24
/authors/jonathan-bray,2
/business/1002997/kickstarter-buys-drip-a-music-service-that-was-due-to-close-today,16
/authors/alan-martin,2
/life-culture/1001877/retro-british-tech-quiz-do-you-know-your-acorns-from-your-amstrads,22
/authors/paul-lomax,2
/virtual-reality/1002999/can-virtual-reality-ever-surprise-us-like-early-cinema-did,12
/authors/thomas-mcmullan,2
/virtual-reality,4
/hp/1002963/hp-sprout-pro-teacher-station,12
/hp,4
/space/1003001/animals-in-space-what-creatures-have-headed-for-the-stars,12
/space,6
/speakers/1002237/best-bluetooth-speakers-for-2016-these-are-the-wireless-speakers-we-love,14
/speakers,5
/tesla-model-3/1001463/tesla-model-3-official-invites-sent-out-for-launch-event-on-31-march,20
/tesla-model-3,8
/google/google-chromecast/7014/21-best-chromecast-apps-of-2016-the-android-and-ios-apps-every,4
/google/google-chromecast,2
/cars/1002893/bmw-vision-next-100-concept-this-is-what-bmw-thinks-cars-will-look-like-in-2116,20
/cars/1002748/how-mercedes-made-f1-s-best-hybrid-engine-and-why-it-s-looking-forward-to-2016,14
/business/1002998/employees-lax-attitude-to-workplace-data-is-why-your-business-has-security-holes,14
/google/1001796/android-marshmallow-14-brand-new-features-thatll-make-you-want-to-update,22
/google,14
/apple-iphone-se/1002703/iphone-se-leaks-picture-of-packaging-confirms-apple-pay-support-and-16gb,6
/apple-iphone-se,3
/business/1002994/google-parent-company-alphabet-could-be-selling-robot-builders-boston-dynamics,10
/startups/1002987/quiqup-the-startup-empowering-local-london-businesses-in-the-fight-against-amazon,8
/startups,2
/innovation-everyday,2
/dell/dell-xps-13,8
/dell,3
/cars/1002886/george-osborne-wants-to-trial-autonomous-lorries-in-the-uk,10
/bioscience/1002870/how-connected-devices-could-revolutionise-healthcare,10
/bioscience,4
/space/1002995/stunning-photo-of-ireland-from-space-to-commemorate-st-patricks-day,8
/bioscience/1002986/alzheimers-we-might-soon-be-able-to-recover-lost-memories,8
/cars/1002996/jeremy-clarkson-thinks-hydrogen-cars-are-the-future-but-elon-musk-really-doesnt,10
/sony/1002165/best-ps4-games-in-2016-the-12-must-have-games-for-your-playstation-4,8
/sony,5
/apple/1002727/donald-trump-s-plan-to-force-apple-to-manufacture-in-the-usa-would-bankrupt-the,8
/apple,8
/life-culture/1002501/how-to-find-your-uber-rating,8
/the-future/1002957/dubai-will-host-the-world-future-sports-games-in-2017,8
/sony/1002955/sony-s-crazy-future-lab-is-making-sci-fi-tech-a-reality,8
/the-future/1002777/ibm-watson-can-now-detect-emotion-and-even-has-empathy,8
/the-future/1002701/easyjet-to-trial-hydrogen-cells-on-hybrid-planes,8
/microsoft/1002029/microsoft-surface-pro-4-review-a-fantastic-windows-10-laptop,8
/microsoft,3
/apple/apple-iphone-6s-1,8
/apple/1001968/apple-ipad-pro-review-apples-big-tablet-has-plenty-to-recommend-it,8
/mobile-phones/1002747/samsung-galaxy-s7-review-with-benchmarks-battery-tests-and-full-specs-samsungs,6
/mobile-phones,8
/sky-q/1002515/sky-q-review-the-next-wave-in-tv-is-brilliant-but-expensive,6
/sky-q,3
/mobile-phones/1002978/android-n-review-first-look-a-mixed-bag-of-refinements,6
/thinkpad-yoga-260/1002612/lenovo-thinkpad-yoga-260-review-your-flexible-business-friend,8
/thinkpad-yoga-260,4
/cars/1002646/vw-golf-gte-review-2015-volkswagens-hybrid-hatchback-puts-in-a-big-tech-performance,8
/tesla-model-x/1002851/tesla-model-x-hands-on-elon-musk-s-first-electric-suv-combines-big-range-and-a,6
/tesla-model-x,3
/google/1001942/google-nexus-6p-review-the-best-value-flagship-phone,6
/microsoft/microsoft-windows-10-1,9
#,10
https://plus.google.com/100118724073871509202/about,10
/about-us,10
/contact-us,10
http://www.alphr.com/advertise-with-us,10
/feeds,10
/authors,10
http://www.itpro.co.uk,10
http://www.cloudpro.co.uk,10
http://www.expertreviews.co.uk,10
http://www.dennis.co.uk/brands,10
http://www.dennis.co.uk/privacy,10
http://www.dennis.co.uk/,10
http://www.dennis.co.uk/working-at-dennis,10
http://www.dennis.co.uk/press-room/press-enquiries,10
http://www.dennis.co.uk/subscriptions,10
http://www.dennis.co.uk/books,10
http://www.dennis.co.uk/apps,10
http://www.youronlinechoices.eu,10
/apple/apple-watch,8
http://www.alphr.com/alphr-100,8
http://www.alphr.com/technology/1002235/what-is-kodi,8
http://www.alphr.com/oculus/1000834/oculus-rift-release-date-is-virtual-reality-tv-on-the-horizon-oculus-rift-just-won,8
http://www.alphr.com/samsung/1001311/samsung-galaxy-s7-release-date-galaxy-s7-could-be-coming-sooner-than-you-think,8
http://www.alphr.com/apple/1001213/all-you-need-to-know-about-the-ipad-pro-or-ipad-air-plus-features-release-date-pricing,8
http://www.alphr.com/apple-iphone-7/1001718/iphone-7-release-date-rumours-features-and-specs-apple-s-next-smartphone,8
/sponsored,1
/best,1
/raspberry-pi-2/1000353/raspberry-pi-2-vs-raspberry-pi-b-a-raspberry-pi-comparison,2
/raspberry-pi/raspberry-pi-2,1
/news,57
/in-depth,29
/analysis,7
/pictures,2
/cars/1002993/best-hybrid-cars-in-2016-the-best-phevs-on-the-market-for-uk-drivers,4
/security/1002992/the-importance-of-secure-passwords,2
/samsung-galaxy-s7/1002991/samsung-galaxy-s7-deals-the-best-place-to-buy-samsungs-new-flagship,2
/samsung-galaxy-s7,1
/technology/page/1/0,1
/technology/1002784/do-delivery-ground-drones-stand-a-chance-on-the-streets-of-london,16
/cars/1002801/conceptone-rimac-unveils-the-world-s-fastest-electric-car-at-the-2016-geneva-motor-show,16
/smart-home/1002817/video-this-japanese-writing-clock-is-already-a-timeless-classic,16
/smart-home,8
/netflix/7037/how-to-access-american-netflix-in-the-uk,16
/netflix,8
/the-future/1001139/supersonic-jet-to-travel-from-nyc-to-london-in-three-hours,16
/software/1001693/best-kodi-extensions-in-2016-13-awesome-add-ons-to-improve-xmbc-for-uk-users,16
/software,24
/software/1002988/how-to-install-exodus-on-kodi-get-the-next-genesis-add-on-for-xmbc,16
/games/1002182/gran-turismo-7-release-date-trailer-and-gameplay-gran-turismo-sport-is-coming-to-the,16
/games,9
/software/1002977/how-to-install-salts-on-kodi-is-this-the-best-add-on-for-xmbc,16
/interviews,2
/business/1002983/brexit-and-tech-the-digital-single-market-is-going-to-happen-whether-we-re-in-or,2
/business/1002967/how-to-learn-to-code-in-the-uk-for-free,2
/tutorials,1
/business/1002938/wired-explains-why-it-described-donald-trump-as-someone-with-tiny-hands,2
/business/1002929/facebook-literally-wants-you-to-appear-two-faced-in-your-photos,2
/business/1002921/women-account-for-over-half-of-the-uk-s-young-entrepreneurs-a-higher-proportion,2
/business/1002920/we-need-to-save-online-journalism-from-ad-blocking-and-heres-how,2
/startups/1002910/rocket-lawyer-is-the-startup-shaking-up-the-legal-system-and-bringing-power-to-the,2
/business/1002912/labour-s-tom-watson-urges-government-to-investigate-impact-of-robots-on-jobs,2
/startups/1002897/risk-averse-venture-capitalists-are-harming-the-uks-startup-scene,2
/business/1001930/these-12-entrepreneurs-reveal-the-business-tips-that-made-them-successful,2
/business/1002890/silicon-lunchabout-aims-to-bring-coding-opportunities-to-mums-in-london,2
/apple/1002888/drone-footage-of-apples-5-billion-hq-shows-you-what-282-million-square-feet-of-office,2
/dell/1002874/dell-chromebook-13-7310-review-the-business-class-chromebook-pixel,2
/startups/1002866/social-chain-raises-2-million-additional-investment,2
/business/1002855/ex-google-ceo-is-working-with-the-pentagon-to-improve-us-military-tech,2
/business/page/1/0,1
/bioscience/1001101/sleep-paralysis-what-is-it-and-is-it-harmful,2
/science/1002972/these-pigeons-are-leading-the-fight-against-london-s-air-pollution,4
/science/1001145/human-head-transplant-can-a-head-be-moved-to-another-body,4
/science/1002956/climate-change-nasa-records-show-february-as-the-hottest-month-on-record,2
/bioscience/1002947/of-evil-mice-and-men-can-we-blame-crime-on-our-genes,2
/science/1002512/stephen-hawking-argues-against-brexit-as-disaster-for-science,4
/bioscience/1002941/this-caterpillar-uses-a-pile-of-disused-heads-as-a-sword,2
/space/1002939/space-farming-researchers-have-successfully-grown-vegetable-crops-in-martian-soil,2
/space/1002917/meet-the-people-living-on-artificial-mars,2
/bioscience/1002915/what-happens-to-our-bodies-when-we-die,2
/science/1002903/one-handed-typing-improves-prose-research-suggests,2
/science/1002898/how-would-brexit-affect-uk-science,2
/bioscience/1002891/air-pollution-impacts-footballers-performance-claims-study,2
/games/1002873/8-bit-einstein-take-down-tesla-in-science-kombat,2
/bioscience/1002868/slugs-fitted-with-tiny-trackers-to-understand-pests,2
/space/1002863/astronaut-scott-kelly-gained-two-whole-inches-during-his-year-in-space,2
/science/page/1/0,1
/apple/1001701/apple-car-steve-wozniak-thinks-project-titan-makes-total-sense-for-apple,2
/rumours,1
/cars/1001029/nissan-and-bmw-want-to-join-the-all-electric-formula-e-championship,4
/cars/1002985/red-bull-and-aston-martin-are-teaming-up-to-build-an-f1-inspired-hypercar-with-db11,2
/cars/1001060/cars-of-the-future-the-6-best-concept-cars,2
/cars/1001765/best-electric-cars-in-2016-what-s-the-best-ev-on-the-market-for-uk-drivers,2
/cars/1002966/autonomous-google-car-crash-was-not-a-surprise-for-the-us-transport-secretary,2
/tesla-model-s/1002953/tesla-model-s-evs-will-race-in-an-all-electric-championship-next-year,2
/tesla-model-s,1
/cars/1002952/watch-this-f1-brake-disc-tested-to-1000-c,2
/cars/1002946/volvo-v90-2016-hands-on-with-the-ultimate-estate,2
/cars/1002927/jaguar-xe-review-this-big-cat-could-do-with-more-tech-pep,2
/cars/1002911/best-dash-cams-in-2016-we-review-the-5-best-dash-cams-for-uk-drivers,2
/cars/1002900/p100d-firmware-code-reveals-tesla-s-plan-for-an-even-longer-range-model-s,2
/cars/page/1/0,1
/games/1002712/uncharted-4-watch-naughty-dog-explain-why-drake-looks-older,2
/games/1002714/nintendo-nx-rumours-leaked-images-of-supposed-prototype-nintendo-nx-controller-appear,2
/microsoft/microsoft-xbox-one/1002158/best-xbox-one-games-in-2016-from-the-witcher-3-to-rocket-league,2
/microsoft/microsoft-xbox-one,1
/games/1002976/doom-release-date-gameplay-and-trailers-check-out-9-different-doom-multiplayer-maps,2
/games/1002734/dishonored-2-release-date-trailers-and-everything-you-need-to-know,2
/technology/1002990/woz-apple-didnt-start-in-a-garage,2
/games/1002982/the-legend-of-zelda-wii-u-release-date-and-trailer-new-zelda-to-be-cross-platform-with,2
/games/1002989/e3-2016-news-rumours-and-predictions-nintendo-nx-mass-effect-andromeda-and-elder,2
/games/1002400/mass-effect-andromeda-rumours-release-date-gameplay-and-multiplayer-everything-we-know,2
/technology/1001150/how-to-get-4k-in-the-uk-watch-ultra-hd-tv-now-1,4
/cheat-sheets,1
/games/1002705/tom-clancys-the-division-what-the-reviews-say,2
/games/1002974/heres-how-to-make-good-portal-and-half-life-films-dont-make-them-like-games,2
/games/1002970/xbox-one-adds-cross-platform-support-microsoft-wants-you-to-play-against-ps4-gamers,2
/life-culture/1002969/why-did-facebook-turn-its-safety-check-feature-on-for-turkey-but-not-the-ivory,2
/life-culture/page/1/0,1
/technology/1002885/this-is-the-blackest-material-ever-made,2
/science/1002859/engineering-the-future-of-fusion,2
/science/1002792/artificial-intelligence-ten-things-you-need-to-understand,2
/the-future/1002694/robots-could-make-humans-redundant-before-2050,2
/the-future/1002645/nasa-releases-11-more-glorious-art-deco-space-tourism-posters,2
/the-future/1002572/london-police-could-use-eagles-to-take-down-illegal-drones,2
/google/1002571/google-wants-to-beam-superfast-5g-internet-from-solar-powered-drones,2
/science/1002562/hyperloop-22-finalists-picked-to-try-out-elon-musk-s-test-track,2
/space/1002233/elon-musk-we-should-head-to-mars-just-in-case-world-war-3-happens,2
/science/1002470/stephen-hawking-humans-might-not-survive-21st-century,2
/amazon/1002468/amazon-prime-air-this-is-how-amazons-drone-army-will-work,2
/the-future/page/1/0,1
/apple/apple-ipad-air-2,3
/apple/apple-tv/1001909/new-apple-tv-2015-review-slowly-getting-better-but-this-streamer-isnt-yet,2
/apple/apple-tv,1
/raspberry-pi/1002813/raspberry-pi-3-review-built-in-wi-fi-bluetooth-and-faster-processor-take-the-pi,2
/raspberry-pi,1
/sony/1002760/sony-xperia-x-and-x-performance-review-hands-on-zeds-dead-baby-zeds-dead,2
/networking/1002942/sky-q-hub-review-finally-sky-makes-a-router-that-doesnt-suck,2
/networking,1
/google/1001798/google-nexus-5x-review-not-attractive-but-a-superb-all-rounder-1,2
/mobile-phones/1002933/htc-desire-530-review-htc-s-moto-g-rival-falls-flat,2
/reviews/page/1/0,1
/netflix/1002493/netflix-codes-how-to-find-netflix-s-hidden-movie-categories,2
/services,2
/mobile-phones/1002650/how-to-unlock-every-iphone-your-guide-to-unlocking-the-iphone-4-5-and-6,2
/google/google-android/1002546/how-to-unroot-android-two-incredibly-simple-ways-to-unroot-your,2
/google/google-android,1
/technology/1001845/how-to-boost-your-wi-fi-signal,2
/netflix/1002477/how-to-change-netflix-picture-settings-here-s-how-to-make-netflix-hd-or-ultra-hd,2
/amazon/amazon-fire-tv/1002460/how-to-set-up-your-amazon-fire-tv-stick,2
/amazon/amazon-fire-tv,1
/life-culture/1002043/9-youtube-apps-to-supercharge-your-video-watching,2
/technology/1001962/iphone-6s-tips-and-tricks-11-amazing-hacks-for-your-new-smartphone,2
/raspberry-pi/1001870/hacking-minecraft-on-the-raspberry-pi,2
/business/1001854/how-to-use-kickstarter-to-crowdfund-your-big-idea,2
/apps/1001458/how-to-use-paypalme,2
/apps,1
/business/1001441/solving-spreadsheet-problems-through-the-power-of-a-database,2
/amazon/1001429/5-ways-you-can-hack-amazon-dash-buttons-for-a-connected-home,2
/audio/1001325/turbocharge-your-ipod-classic-revive-your-old-ipod-with-an-ssd,2
/audio,1
/apple/1001090/hacks-use-your-ipad-to-make-high-quality-videos,2
/tablets,1
/apple-music/1001082/hacks-how-to-access-apple-music,2
/apple-music,1
/laptops/1000868/your-laptop-is-an-ergonomic-disaster-area-here-s-how-to-fix-it,2
/laptops,1
/business/1000848/your-chair-is-killing-you-heres-how-to-fix-it,2
/business/1000862/ditch-messy-spreadsheets-and-switch-to-a-database,2
/hacks/page/1/0,1
