#content,9
https://www.reddit.com/r/announcements/,21
https://www.reddit.com/r/Art/,18
https://www.reddit.com/r/AskReddit/,26
https://www.reddit.com/r/askscience/,21
https://www.reddit.com/r/aww/,22
https://www.reddit.com/r/blog/,21
https://www.reddit.com/r/books/,21
https://www.reddit.com/r/creepy/,21
https://www.reddit.com/r/dataisbeautiful/,21
https://www.reddit.com/r/DIY/,19
https://www.reddit.com/r/Documentaries/,19
https://www.reddit.com/r/EarthPorn/,19
https://www.reddit.com/r/explainlikeimfive/,19
https://www.reddit.com/r/Fitness/,18
https://www.reddit.com/r/food/,19
https://www.reddit.com/r/funny/,20
https://www.reddit.com/r/Futurology/,18
https://www.reddit.com/r/gadgets/,18
https://www.reddit.com/r/gaming/,19
https://www.reddit.com/r/GetMotivated/,18
https://www.reddit.com/r/gifs/,19
https://www.reddit.com/r/history/,18
https://www.reddit.com/r/IAmA/,18
https://www.reddit.com/r/InternetIsBeautiful/,18
https://www.reddit.com/r/Jokes/,18
https://www.reddit.com/r/LifeProTips/,18
https://www.reddit.com/r/listentothis/,18
https://www.reddit.com/r/mildlyinteresting/,20
https://www.reddit.com/r/movies/,18
https://www.reddit.com/r/Music/,19
https://www.reddit.com/r/news/,19
https://www.reddit.com/r/nosleep/,18
https://www.reddit.com/r/nottheonion/,19
https://www.reddit.com/r/OldSchoolCool/,18
https://www.reddit.com/r/personalfinance/,18
https://www.reddit.com/r/philosophy/,18
https://www.reddit.com/r/photoshopbattles/,19
https://www.reddit.com/r/pics/,19
https://www.reddit.com/r/science/,19
https://www.reddit.com/r/Showerthoughts/,20
https://www.reddit.com/r/space/,19
https://www.reddit.com/r/sports/,19
https://www.reddit.com/r/television/,20
https://www.reddit.com/r/tifu/,18
https://www.reddit.com/r/todayilearned/,19
https://www.reddit.com/r/TwoXChromosomes/,18
https://www.reddit.com/r/UpliftingNews/,19
https://www.reddit.com/r/videos/,20
https://www.reddit.com/r/worldnews/,19
https://www.reddit.com/r/WritingPrompts/,18
https://www.reddit.com/subreddits/,27
https://www.reddit.com/,16
https://www.reddit.com/r/all,9
https://www.reddit.com/r/random/,9
/,3
https://www.reddit.com/new/,1
https://www.reddit.com/rising/,1
https://www.reddit.com/controversial/,1
https://www.reddit.com/top/,1
https://www.reddit.com/gilded/,1
https://www.reddit.com/wiki/,10
https://www.reddit.com/ads/,1
https://www.reddit.com/login,9
javascript:void(0),9
https://www.reddit.com/wiki/search,18
/password,9
https://www.reddit.com/submit,1
https://www.reddit.com/submit?selftext=true,1
/gold?goldtype=code&source=progressbar,1
/gold/about,1
/r/goldbenefits,1
https://en.wikipedia.org/wiki/Pacific_Time_Zone,1
None,11
/newsletter,9
#,25
/r/Showerthoughts/comments/4b7x85/after_im_dead_all_the_food_i_ate_throughout_my/,2
/r/Showerthoughts/,2
https://www.reddit.com/user/Ballzajizz,1
https://www.reddit.com/r/Showerthoughts/comments/4b7x85/after_im_dead_all_the_food_i_ate_throughout_my/,1
javascript: void 0;,241
https://www.youtube.com/watch?v=9mphlrQFnpQ&feature=youtu.be,2
/domain/youtube.com/,10
https://www.reddit.com/user/strongleaf,1
https://www.reddit.com/r/videos/comments/4b7x6j/to_this_couple_a_bus_ticket_goes_beyond_something/,1
/r/television/comments/4b7x72/a_netflix_made_firefly_season_2_would_be_amazing/,2
/r/television/,2
https://www.reddit.com/user/thepuglover,1
https://www.reddit.com/r/television/comments/4b7x72/a_netflix_made_firefly_season_2_would_be_amazing/,1
http://imgur.com/wV4DxBv,2
/domain/imgur.com/,33
https://www.reddit.com/user/SGTSHOOTnMISS,1
https://www.reddit.com/r/mildlyinteresting/comments/4b7xbq/this_bus_turned_red_when_it_burned/,1
/r/AskReddit/comments/4b7x46/what_is_a_good_online_alternativerock_station/,1
/r/AskReddit/,32
https://www.reddit.com/user/zoobyshoe,1
https://www.reddit.com/r/AskReddit/comments/4b7x46/what_is_a_good_online_alternativerock_station/,1
http://imgur.com/ra7Kvsr,2
https://www.reddit.com/user/Joeymocha44,1
https://www.reddit.com/r/funny/comments/4b7xc8/why_watch_cartoons_when_you_can_learn_about_the/,1
/r/AskReddit/comments/4b7wyg/what_is_the_longest_time_youve_slept_and_why/,1
https://www.reddit.com/user/mcosti097,1
https://www.reddit.com/r/AskReddit/comments/4b7wyg/what_is_the_longest_time_youve_slept_and_why/,1
/r/AskReddit/comments/4b7xcc/do_you_like_to_participate_in_siestas/,1
https://www.reddit.com/user/uniquelygarrett,1
https://www.reddit.com/r/AskReddit/comments/4b7xcc/do_you_like_to_participate_in_siestas/,1
/r/AskReddit/comments/4b7x6n/anyone_know_of_any_new_sites_like_omegle_for_my/,1
https://www.reddit.com/user/Lost-Mortal-Soul,1
https://www.reddit.com/r/AskReddit/comments/4b7x6n/anyone_know_of_any_new_sites_like_omegle_for_my/,1
/r/random,1
https://www.reddit.com/wiki/selfserve,9
https://www.reddit.com/advertising,9
https://www.reddit.com/r/ads,9
/r/explainlikedrcox?ref=trending_sr_1,1
/r/StardewValley?ref=trending_sr_2,1
/r/AccidentalRenaissance?ref=trending_sr_3,1
/r/Defenders?ref=trending_sr_4,1
/r/foodhacks?ref=trending_sr_5,1
/r/trendingsubreddits/comments/4b6uch/trending_subreddits_for_20160320/,1
http://www.ncbi.nlm.nih.gov/pubmed/26990607,2
/domain/ncbi.nlm.nih.gov/,1
https://www.reddit.com/user/haemJDoc,1
https://www.reddit.com/r/science/comments/4b77wa/food_allergy_transferred_to_patient_following/,1
http://i.imgur.com/cWtzWOy.gifv,2
/domain/i.imgur.com/,24
https://www.reddit.com/user/namraka,1
https://www.reddit.com/r/gifs/comments/4b71c6/tells_her_he_is_taking_a_picture_and_surprises_her/,1
http://www.independent.co.uk/news/world/europe/syrian-refugees-drag-paedophile-to-police-after-he-was-found-attacking-7-year-old-at-refugee-camp-a6942161.html,1
/domain/independent.co.uk/,2
https://www.reddit.com/user/monkiesnacks,1
https://www.reddit.com/r/news/comments/4b768x/syrian_refugees_drag_paedophile_to_police_after/,1
http://imgur.com/iXaE66w,2
https://www.reddit.com/user/iamphilip1,1
https://www.reddit.com/r/mildlyinteresting/comments/4b6vpb/found_a_caterpillar_last_year_and_kept_him_today/,1
http://newsok.com/article/5440927,2
/domain/newsok.com/,1
https://www.reddit.com/user/TheCannon,1
https://www.reddit.com/r/todayilearned/comments/4b76au/til_in_a_small_town_in_county_cork_ireland_a/,1
/r/television/comments/4b6ylb/dear_netflix_please_make_a_stargate_show_youre_so/,2
https://www.reddit.com/user/NessLeonhart,1
https://www.reddit.com/r/television/comments/4b6ylb/dear_netflix_please_make_a_stargate_show_youre_so/,1
http://imgur.com/QODyk82,2
https://www.reddit.com/user/idoestheart26,1
https://www.reddit.com/r/pics/comments/4b6s94/my_paintings_of_clint_eastwood/,1
http://i.imgur.com/LgHlUDv.gifv,2
https://www.reddit.com/user/A_Kind_Shark,1
https://www.reddit.com/r/gaming/comments/4b7hbh/theres_only_room_for_one_car_on_these_rails/,1
http://imgur.com/8uRNEJc,2
https://www.reddit.com/user/babydeliverer,1
https://www.reddit.com/r/food/comments/4b6z8n/salted_caramel_and_nutella_stuffed_cronut_cones/,1
http://fabulousoldies.com/2016/01/03/how-i-met-bob-woods-in-waitrose/,2
/domain/fabulousoldies.com/,1
https://www.reddit.com/user/arcticfoxtrotter,1
https://www.reddit.com/r/UpliftingNews/comments/4b7e3b/this_guy_talked_to_an_old_man_who_was_sitting/,1
/r/explainlikeimfive/comments/4b71zm/eli5_why_are_the_chinese_so_obsessed_with/,1
/r/explainlikeimfive/,1
https://www.reddit.com/user/vonmonologue,1
https://www.reddit.com/r/explainlikeimfive/comments/4b71zm/eli5_why_are_the_chinese_so_obsessed_with/,1
http://imgur.com/Vxkbg4l,2
https://www.reddit.com/user/hansschepers,1
https://www.reddit.com/r/funny/comments/4b77c9/went_to_see_monument_valley_last_week_the_view/,1
http://imgur.com/a/MR86x,2
https://www.reddit.com/user/Z1stCNTRYdgtlBOY,1
https://www.reddit.com/r/DIY/comments/4b7ivb/i_refurbed_my_old_surfboard_and_painted_it_to/,1
https://streamable.com/lsb6,2
/domain/streamable.com/,1
https://www.reddit.com/user/aktivate74,1
https://www.reddit.com/r/videos/comments/4b641e/chinese_tourists_at_buffet_in_thailand/,1
https://www.rt.com/viral/336303-tiger-wine-shocking-conditions/,1
/domain/rt.com/,1
https://www.reddit.com/user/mom0nga,1
https://www.reddit.com/r/worldnews/comments/4b5zcf/tigers_starved_to_death_to_make_500_aphrodisiac/,1
http://i.imgur.com/FCg3j0T.jpg,2
https://www.reddit.com/user/kenriko,1
https://www.reddit.com/r/photoshopbattles/comments/4b6ujf/psbattle_baked_chicken_bread/,1
http://imgur.com/536fIwp,4
https://www.reddit.com/user/SirJackJackington,2
https://www.reddit.com/r/aww/comments/4b5xsi/my_baby_girl_wearing_a_crown_of_paper_flowers_my/,2
/r/Showerthoughts/comments/4b637r/sponges_are_weird_theyre_artificial_now_but_in/,2
https://www.reddit.com/user/Gg101,1
https://www.reddit.com/r/Showerthoughts/comments/4b637r/sponges_are_weird_theyre_artificial_now_but_in/,1
http://imgur.com/ShEIoPI,2
https://www.reddit.com/user/MrGooses,1
https://www.reddit.com/r/EarthPorn/comments/4b7bg7/storm_clouds_brewing_over_the_cho_la_pass_in_the/,1
http://i.imgur.com/7SdnNKYh.jpg,2
https://www.reddit.com/user/ChrisGnam,1
https://www.reddit.com/r/space/comments/4b6223/its_not_a_glamorous_shot_but_i_still_cant_stop/,1
http://www.irishexaminer.com/examviral/science-world/is-this-the-best-ever-name-for-a-ship-rrs-boaty-mcboatface-is-leading-the-vote-as-public-name-new-polar-vessel-388444.html,2
/domain/irishexaminer.com/,1
https://www.reddit.com/user/Xsythe,1
https://www.reddit.com/r/nottheonion/comments/4b5h3k/is_this_the_best_ever_name_for_a_ship_rrs_boaty/,1
/r/AskReddit/comments/4b6zee/people_who_have_pretended_to_fall_asleep_what_is/,2
https://www.reddit.com/user/UltToWin,2
https://www.reddit.com/r/AskReddit/comments/4b6zee/people_who_have_pretended_to_fall_asleep_what_is/,2
http://i.imgur.com/PHRdimj.gifv,2
https://www.reddit.com/user/PM-ME-YOUR-TITS-GIRL,2
https://www.reddit.com/r/sports/comments/4b6z4l/romanians_pro_armwrestler_vs_pro_bodybuilder/,1
https://youtube.com/watch?v=8I8mWG6HlmU,1
https://www.reddit.com/user/Jacktheunpleasent,1
https://www.reddit.com/r/Music/comments/4b79l4/the_cult_she_sells_sanctuary_goth_rock_post_punk/,1
https://youtu.be/wgSwu6ZOYFs,2
/domain/youtu.be/,2
https://www.reddit.com/user/psytrancedsquid,1
https://www.reddit.com/r/Documentaries/comments/4b6uvm/the_documentary_that_dominos_pizza_tried_to_ban/,1
https://www.reddit.com/?count=25&after=t3_4b6uvm,1
https://www.reddit.com/r/random,1
https://www.reddit.com/blog/,9
https://www.reddit.com/about/,9
https://www.reddit.com/about/values/,9
https://www.reddit.com/about/team/,9
https://www.reddit.com/code/,9
https://www.reddit.com/advertising/,9
https://www.reddit.com/jobs/,9
https://www.reddit.com/rules/,9
https://reddit.zendesk.com,9
https://www.reddit.com/wiki/reddiquette/,9
https://www.reddit.com/wiki/transparency/,9
https://www.reddit.com/contact/,9
http://alienblue.org,9
https://m.reddit.com,9
https://www.reddit.com/buttons/,9
https://www.reddit.com/gold/about/,9
http://redditgifts.com,9
https://www.reddit.com/help/useragreement,9
https://www.reddit.com/help/privacypolicy,9
https://www.reddit.com/r/announcements/new/,1
https://www.reddit.com/r/announcements/rising/,1
https://www.reddit.com/r/announcements/controversial/,1
https://www.reddit.com/r/announcements/top/,1
https://www.reddit.com/r/announcements/gilded/,1
https://www.reddit.com/r/announcements/ads/,1
/r/blog,1
/r/changelog,2
/message/compose?to=%2Fr%2Fannouncements,1
https://www.reddit.com/user/spladug,2
https://www.reddit.com/user/bsimpson,2
https://www.reddit.com/user/rram,2
https://www.reddit.com/user/spez,8
https://www.reddit.com/user/Mart2d2,3
https://www.reddit.com/user/gooeyblob,1
https://www.reddit.com/user/umbrae,2
/r/announcements/about/moderators,1
/r/announcements/comments/434h6c/reddit_in_2016/,2
/r/announcements/,25
/about/team,50
https://www.reddit.com/r/announcements/comments/434h6c/reddit_in_2016/,1
/r/announcements/comments/3tlcil/we_are_updating_our_privacy_policy_effective_jan/,2
https://www.reddit.com/r/announcements/comments/3tlcil/we_are_updating_our_privacy_policy_effective_jan/,1
/r/announcements/comments/3sqxbb/france/,2
https://www.reddit.com/user/reddit,7
https://www.reddit.com/r/announcements/comments/3sqxbb/france/,1
/r/announcements/comments/3sbrro/account_suspensions_a_transparent_alternative_to/,2
https://www.reddit.com/user/powerlanguage,5
https://www.reddit.com/r/announcements/comments/3sbrro/account_suspensions_a_transparent_alternative_to/,1
/r/announcements/comments/3p4shh/ceo_steve_here_to_answer_more_questions/,2
https://www.reddit.com/r/announcements/comments/3p4shh/ceo_steve_here_to_answer_more_questions/,1
/r/announcements/comments/3lv3qo/marty_weiner_reddit_cto_back_to_cto_all_the_things/,2
https://www.reddit.com/r/announcements/comments/3lv3qo/marty_weiner_reddit_cto_back_to_cto_all_the_things/,1
/r/announcements/comments/3hs3v4/im_marty_weiner_the_new_reddit_cto/,2
https://www.reddit.com/r/announcements/comments/3hs3v4/im_marty_weiner_the_new_reddit_cto/,1
/r/announcements/comments/3fx2au/content_policy_update/,2
https://www.reddit.com/r/announcements/comments/3fx2au/content_policy_update/,1
/r/announcements/comments/3f6kqy/so_long_farewell_auf_wiedersehen_good_night/,2
https://www.reddit.com/user/5days,1
https://www.reddit.com/r/announcements/comments/3f6kqy/so_long_farewell_auf_wiedersehen_good_night/,1
/r/announcements/comments/3f10up/good_morning_i_thought_id_give_a_quick_update/,2
https://www.reddit.com/r/announcements/comments/3f10up/good_morning_i_thought_id_give_a_quick_update/,1
/r/announcements/comments/3djjxw/lets_talk_content_ama/,2
https://www.reddit.com/r/announcements/comments/3djjxw/lets_talk_content_ama/,1
/r/announcements/comments/3dautm/content_policy_update_ama_thursday_july_16th_1pm/,2
https://www.reddit.com/r/announcements/comments/3dautm/content_policy_update_ama_thursday_july_16th_1pm/,1
/r/announcements/comments/3cucye/an_old_team_at_reddit/,2
https://www.reddit.com/user/samaltman,1
https://www.reddit.com/r/announcements/comments/3cucye/an_old_team_at_reddit/,1
/r/announcements/comments/3cbo4m/we_apologize/,2
https://www.reddit.com/user/ekjp,2
https://www.reddit.com/r/announcements/comments/3cbo4m/we_apologize/,1
/r/announcements/comments/39bpam/removing_harassing_subreddits/,2
https://www.reddit.com/r/announcements/comments/39bpam/removing_harassing_subreddits/,1
/r/announcements/comments/35uyil/transparency_is_important_to_us_and_today_we_take/,2
https://www.reddit.com/user/weffey,1
https://www.reddit.com/r/announcements/comments/35uyil/transparency_is_important_to_us_and_today_we_take/,1
/r/announcements/comments/3576g2/bringing_back_the_redditcom_beta_program/,2
https://www.reddit.com/user/tdohz,2
https://www.reddit.com/r/announcements/comments/3576g2/bringing_back_the_redditcom_beta_program/,1
/r/announcements/comments/2x0g9v/from_1_to_9000_communities_now_taking_steps_to/,2
https://www.reddit.com/user/kn0thing,3
https://www.reddit.com/r/announcements/comments/2x0g9v/from_1_to_9000_communities_now_taking_steps_to/,1
/r/announcements/comments/2sk8i9/were_updating_the_reddit_privacy_policy_and_user/,2
https://www.reddit.com/r/announcements/comments/2sk8i9/were_updating_the_reddit_privacy_policy_and_user/,1
/r/announcements/comments/2fpdax/time_to_talk/,2
https://www.reddit.com/user/alienth,3
https://www.reddit.com/r/announcements/comments/2fpdax/time_to_talk/,1
/r/announcements/comments/2fi1bh/the_official_reddit_ama_app_has_been_released_on/,2
https://www.reddit.com/user/kemitche,2
https://www.reddit.com/r/announcements/comments/2fi1bh/the_official_reddit_ama_app_has_been_released_on/,1
/r/announcements/comments/293oqs/new_reddit_features_controversial_indicator_for/,2
https://www.reddit.com/r/announcements/comments/293oqs/new_reddit_features_controversial_indicator_for/,1
/r/announcements/comments/28hjga/reddit_changes_individual_updown_vote_counts_no/,2
https://www.reddit.com/user/Deimorz,1
https://www.reddit.com/r/announcements/comments/28hjga/reddit_changes_individual_updown_vote_counts_no/,1
/r/announcements/comments/24aevu/we_like_you_all_so_we_wanted_to_let_you_know/,2
https://www.reddit.com/r/announcements/comments/24aevu/we_like_you_all_so_we_wanted_to_let_you_know/,1
/r/announcements/comments/231hl7/we_recommend_that_you_change_your_reddit_password/,2
https://www.reddit.com/r/announcements/comments/231hl7/we_recommend_that_you_change_your_reddit_password/,1
https://www.reddit.com/r/announcements/?count=25&after=t3_231hl7,1
/advertising,7
https://www.reddit.com/r/AskReddit/new/,1
https://www.reddit.com/r/AskReddit/rising/,1
https://www.reddit.com/r/AskReddit/controversial/,1
https://www.reddit.com/r/AskReddit/top/,1
https://www.reddit.com/r/AskReddit/gilded/,1
https://www.reddit.com/r/AskReddit/wiki/,1
https://www.reddit.com/r/AskReddit/ads/,1
https://www.reddit.com/r/AskReddit/submit?selftext=true,1
http://www.reddit.com/r/askreddit/submit?selftext=true&title=%5BSerious%5D,1
https://www.reddit.com/r/AskReddit/wiki/index#wiki_rules,1
http://goo.gl/tMUR4k,1
http://goo.gl/2L771B,1
http://goo.gl/DcPPLf,1
http://goo.gl/imCCMb,1
http://goo.gl/DG4Q2M,1
http://goo.gl/G6Zbap,1
http://goo.gl/Ce2LTY,1
http://goo.gl/a5GQTm,1
http://goo.gl/YVNgU0,1
http://goo.gl/xnppZr,1
http://goo.gl/gMFZjB,1
http://ud.reddit.com/r/AskReddit/#ud,1
http://dg.reddit.com/r/AskReddit/#dg,1
http://bu.reddit.com/r/AskReddit/#bu,1
http://nr.reddit.com/r/AskReddit/#nr,1
http://goo.gl/qJBQRm,1
http://www.reddit.com/r/Ideasforaskreddit,1
/r/AskReddit,1
http://goo.gl/su6Az1,1
https://www.reddit.com/r/AskReddit/wiki/sidebarsubs#wiki_ask_others,1
https://www.reddit.com/r/AskReddit/wiki/sidebarsubs#wiki_self_.26amp.3B_others,1
https://www.reddit.com/r/AskReddit/wiki/sidebarsubs#wiki_find_a_subreddit,1
https://www.reddit.com/r/AskReddit/wiki/sidebarsubs#wiki_learn_something,1
https://www.reddit.com/r/AskReddit/wiki/sidebarsubs#wiki_meta,1
https://www.reddit.com/r/AskReddit/wiki/sidebarsubs#wiki_what_is_this______,1
https://www.reddit.com/r/AskReddit/wiki/sidebarsubs#wiki_askreddit_offshoots,1
https://www.reddit.com/r/AskReddit/wiki/sidebarsubs#wiki_offers_.26amp.3B_assistance,1
http://goo.gl/pxsd8T,1
#/RES_SR_Config/NightModeCompatible,2
http://goo.gl/TQnRmU,1
#halloween,1
#10mil,1
/message/compose?to=%2Fr%2FAskReddit,1
https://www.reddit.com/user/krispykrackers,8
https://www.reddit.com/user/jamt9000,1
https://www.reddit.com/user/flyryan,1
https://www.reddit.com/user/Ooer,1
https://www.reddit.com/user/ImNotJesus,1
https://www.reddit.com/user/ducky-box,1
https://www.reddit.com/user/canipaybycheck,1
https://www.reddit.com/user/noahjk,1
https://www.reddit.com/user/GustavoFrings,1
https://www.reddit.com/user/roastedbagel,1
/r/AskReddit/about/moderators,3
/r/AskReddit/comments/490q8j/what_is_a_story_you_would_like_to_share/,1
https://www.reddit.com/user/-eDgAR-,1
https://www.reddit.com/r/AskReddit/comments/490q8j/what_is_a_story_you_would_like_to_share/,1
/r/AskReddit/comments/4aesu2/we_have_a_winner_for_the_mobile_design_contest/,1
https://www.reddit.com/user/orangejulius,1
https://www.reddit.com/r/AskReddit/comments/4aesu2/we_have_a_winner_for_the_mobile_design_contest/,1
/r/AskReddit/comments/4b5aph/what_sounds_extremely_wrong_but_is_actually/,1
https://www.reddit.com/user/tdh999,1
https://www.reddit.com/r/AskReddit/comments/4b5aph/what_sounds_extremely_wrong_but_is_actually/,1
/r/AskReddit/comments/4b7jmr/what_is_your_wrong_place_at_the_wrong_time_story/,1
https://www.reddit.com/user/-cDJ-,3
https://www.reddit.com/r/AskReddit/comments/4b7jmr/what_is_your_wrong_place_at_the_wrong_time_story/,1
/r/AskReddit/comments/4b4i6l/whats_the_worst_thing_youve_ever_done_to_a_sim_in/,1
https://www.reddit.com/user/sebbysir,1
https://www.reddit.com/r/AskReddit/comments/4b4i6l/whats_the_worst_thing_youve_ever_done_to_a_sim_in/,1
/r/AskReddit/comments/4b4liq/parents_of_reddit_have_you_ever_thought_your/,1
https://www.reddit.com/user/Tairyhesticlesoioi,1
https://www.reddit.com/r/AskReddit/comments/4b4liq/parents_of_reddit_have_you_ever_thought_your/,1
/r/AskReddit/comments/4b749l/what_is_a_flaw_about_yourself_that_you_cant_fix/,1
https://www.reddit.com/user/StSeymour,1
https://www.reddit.com/r/AskReddit/comments/4b749l/what_is_a_flaw_about_yourself_that_you_cant_fix/,1
/r/AskReddit/comments/4b79sp/do_you_have_a_phobia_what_is_it/,1
https://www.reddit.com/user/mkhan114,1
https://www.reddit.com/r/AskReddit/comments/4b79sp/do_you_have_a_phobia_what_is_it/,1
/r/AskReddit/comments/4b73n0/if_national_flags_were_stereotypical/,1
https://www.reddit.com/user/TowelGuy42,1
https://www.reddit.com/r/AskReddit/comments/4b73n0/if_national_flags_were_stereotypical/,1
/r/AskReddit/comments/4b7c99/what_is_the_best_way_to_waste_5_hours_right_now/,1
https://www.reddit.com/user/AlienAbductor97,1
https://www.reddit.com/r/AskReddit/comments/4b7c99/what_is_the_best_way_to_waste_5_hours_right_now/,1
/r/AskReddit/comments/4b5q2x/sons_and_daughters_of_reddit_have_you_ever_had_a/,1
https://www.reddit.com/user/halfbakedlogic,1
https://www.reddit.com/r/AskReddit/comments/4b5q2x/sons_and_daughters_of_reddit_have_you_ever_had_a/,1
/r/AskReddit/comments/4b6zb2/you_are_suddenly_teleported_10_feet_to_the_left/,1
https://www.reddit.com/user/MrDerpsicle,1
https://www.reddit.com/r/AskReddit/comments/4b6zb2/you_are_suddenly_teleported_10_feet_to_the_left/,1
/r/AskReddit/comments/4b4f0y/people_who_have_good_social_skills_and_used_to_be/,1
https://www.reddit.com/user/marksun5,1
https://www.reddit.com/r/AskReddit/comments/4b4f0y/people_who_have_good_social_skills_and_used_to_be/,1
/r/AskReddit/comments/4b7ekf/what_are_some_fun_activities_you_can_do_by/,1
https://www.reddit.com/user/b3ntleg,1
https://www.reddit.com/r/AskReddit/comments/4b7ekf/what_are_some_fun_activities_you_can_do_by/,1
/r/AskReddit/comments/4b5rld/those_of_you_who_have_had_long_and_happy/,1
https://www.reddit.com/user/stephenLARPer,1
https://www.reddit.com/r/AskReddit/comments/4b5rld/those_of_you_who_have_had_long_and_happy/,1
/r/AskReddit/comments/4b7n07/serious_what_are_some_genuine_criticisms_of/,1
https://www.reddit.com/user/nihilo503,1
https://www.reddit.com/r/AskReddit/comments/4b7n07/serious_what_are_some_genuine_criticisms_of/,1
/r/AskReddit/comments/4b2o51/whats_the_pettiest_reason_youve_ever_broken_up/,1
https://www.reddit.com/user/leela_xo,1
https://www.reddit.com/r/AskReddit/comments/4b2o51/whats_the_pettiest_reason_youve_ever_broken_up/,1
/r/AskReddit/comments/4b2m5a/which_quote_becomes_inappropriate_when/,1
https://www.reddit.com/user/pierrekrahn,1
https://www.reddit.com/r/AskReddit/comments/4b2m5a/which_quote_becomes_inappropriate_when/,1
/r/AskReddit/comments/4b79f8/what_do_you_like_to_have_on_toast/,1
https://www.reddit.com/user/eshonbel,1
https://www.reddit.com/r/AskReddit/comments/4b79f8/what_do_you_like_to_have_on_toast/,1
/r/AskReddit/comments/4b7kxx/what_is_your_right_place_at_the_right_time_story/,1
https://www.reddit.com/r/AskReddit/comments/4b7kxx/what_is_your_right_place_at_the_right_time_story/,1
/r/AskReddit/comments/4b7dsl/what_is_the_weirdest_coincidence_that_you_have/,1
https://www.reddit.com/r/AskReddit/comments/4b7dsl/what_is_the_weirdest_coincidence_that_you_have/,1
/r/AskReddit/comments/4b4wdm/reddit_what_movie_remake_should_we_absolutely/,1
https://www.reddit.com/user/reddits_sweetheart,1
https://www.reddit.com/r/AskReddit/comments/4b4wdm/reddit_what_movie_remake_should_we_absolutely/,1
/r/AskReddit/comments/4b7bm9/what_is_the_most_aggravating_thing_to_wake_up_to/,1
https://www.reddit.com/user/AzuraHatesScamps,1
https://www.reddit.com/r/AskReddit/comments/4b7bm9/what_is_the_most_aggravating_thing_to_wake_up_to/,1
/r/AskReddit/comments/4b7995/what_popular_tv_show_between_the_50s_to_the_80s/,1
https://www.reddit.com/user/AshLyn32,1
https://www.reddit.com/r/AskReddit/comments/4b7995/what_popular_tv_show_between_the_50s_to_the_80s/,1
/r/AskReddit/comments/4b7oki/which_is_the_most_stupid_rule_a_subreddit_has/,1
https://www.reddit.com/user/GIBSEA,1
https://www.reddit.com/r/AskReddit/comments/4b7oki/which_is_the_most_stupid_rule_a_subreddit_has/,1
/r/AskReddit/comments/4b5z97/if_you_broke_into_someones_house_to_steal_what/,1
https://www.reddit.com/user/Andromedance,1
https://www.reddit.com/r/AskReddit/comments/4b5z97/if_you_broke_into_someones_house_to_steal_what/,1
https://www.reddit.com/r/AskReddit/?count=25&after=t3_4b5z97,1
https://www.reddit.com/r/askscience/new/,1
https://www.reddit.com/r/askscience/rising/,1
https://www.reddit.com/r/askscience/controversial/,1
https://www.reddit.com/r/askscience/top/,1
https://www.reddit.com/r/askscience/gilded/,1
https://www.reddit.com/r/askscience/wiki/,1
https://www.reddit.com/r/askscience/ads/,1
https://www.reddit.com/r/askscience/submit?selftext=true,1
http://goo.gl/NZf5gP,2
http://goo.gl/hfiJiJ,2
/r/askscience/wiki/sources,1
http://goo.gl/UAVhTJ,1
http://redd.it/1ytp7q,1
http://www.reddit.com/wiki/reddiquette,1
http://goo.gl/lqBzfv,1
http://goo.gl/chKW86,1
http://goo.gl/s2ISrb,1
http://goo.gl/nNgvp7,1
/r/AskScienceDiscussion,2
/r/askscience/search?q=flair%3A%27Physics%27&sort=new&restrict_sr=on,1
/r/askscience/search?q=flair%3A%27Maths%27&sort=new&restrict_sr=on,1
/r/askscience/search?q=flair%3A%27Astro%27&sort=new&restrict_sr=on,1
/r/askscience/search?q=flair%3A%27Computing%27&sort=new&restrict_sr=on,1
/r/askscience/search?q=flair%3A%27Geo%27&sort=new&restrict_sr=on,1
/r/askscience/search?q=flair%3A%27Eng%27&sort=new&restrict_sr=on,1
/r/askscience/search?q=flair%3A%27Chem%27&sort=new&restrict_sr=on,1
/r/askscience/search?q=flair%3A%27Soc%27&sort=new&restrict_sr=on,1
/r/askscience/search?q=flair%3A%27Bio%27&sort=new&restrict_sr=on,1
/r/askscience/search?q=flair%3A%27Psych%27&sort=new&restrict_sr=on,1
/r/askscience/search?q=flair%3A%27Med%27&sort=new&restrict_sr=on,1
/r/askscience/search?q=flair%3A%27Neuro%27&sort=new&restrict_sr=on,1
/blank,1
/r/askscience/wiki/subreddit_links,1
/r/askscience/comments/43ettq/askscience_panel_of_scientists_xiv/,3
http://goo.gl/cRQDGr,1
http://goo.gl/wRzlXr,1
http://goo.gl/cYwdsu,1
/message/compose?to=%2Fr%2Faskscience,1
https://www.reddit.com/user/MockDeath,1
https://www.reddit.com/user/iorgfeflkd,1
https://www.reddit.com/user/Jobediah,1
https://www.reddit.com/user/foretopsail,1
https://www.reddit.com/user/mobilehypo,1
https://www.reddit.com/user/BrainSturgeon,1
https://www.reddit.com/user/Brain_Doc82,1
https://www.reddit.com/user/niallmd,1
https://www.reddit.com/user/SnoLeopard,1
https://www.reddit.com/user/Astrokiwi,1
/r/askscience/about/moderators,2
/r/askscience/,26
https://www.reddit.com/user/AskScienceModerator,1
https://www.reddit.com/r/askscience/comments/43ettq/askscience_panel_of_scientists_xiv/,1
/r/askscience/comments/4b7cyo/could_a_smaller_star_get_pulled_into_the/,1
https://www.reddit.com/user/LloydVonStrangle,1
https://www.reddit.com/r/askscience/comments/4b7cyo/could_a_smaller_star_get_pulled_into_the/,1
/r/askscience/comments/4b32qn/does_the_colour_of_your_eye_affect_its/,1
https://www.reddit.com/user/Cuziman43,1
https://www.reddit.com/r/askscience/comments/4b32qn/does_the_colour_of_your_eye_affect_its/,1
/r/askscience/comments/4b6z2z/why_does_the_right_hand_rule_works_on_a_lot_of/,1
https://www.reddit.com/user/AssFuck6969,1
https://www.reddit.com/r/askscience/comments/4b6z2z/why_does_the_right_hand_rule_works_on_a_lot_of/,1
/r/askscience/comments/4b5zjt/by_how_much_is_the_earths_magnetic_field_decaying/,1
https://www.reddit.com/user/Greg-2012,1
https://www.reddit.com/r/askscience/comments/4b5zjt/by_how_much_is_the_earths_magnetic_field_decaying/,1
/r/askscience/comments/4b6b8j/will_the_curvature_of_my_spoons_edge_always_be/,1
https://www.reddit.com/user/schweizerew,1
https://www.reddit.com/r/askscience/comments/4b6b8j/will_the_curvature_of_my_spoons_edge_always_be/,1
/r/askscience/comments/4b62uz/is_there_a_spectrum_to_psychopathy_as_there_is_to/,1
https://www.reddit.com/user/M3GADOOM,1
https://www.reddit.com/r/askscience/comments/4b62uz/is_there_a_spectrum_to_psychopathy_as_there_is_to/,1
/r/askscience/comments/4b6z8u/if_a_magnetic_radio_isotope_within_a_strong/,1
https://www.reddit.com/user/hob196,1
https://www.reddit.com/r/askscience/comments/4b6z8u/if_a_magnetic_radio_isotope_within_a_strong/,1
/r/askscience/comments/4b3g8u/physics_do_bullets_fired_from_rifled_barrels/,1
https://www.reddit.com/user/SuperBruan,1
https://www.reddit.com/r/askscience/comments/4b3g8u/physics_do_bullets_fired_from_rifled_barrels/,1
/r/askscience/comments/4b27e2/will_a_gyroscope_suspended_in_the_air_for_a_long/,1
https://www.reddit.com/user/butthead,1
https://www.reddit.com/r/askscience/comments/4b27e2/will_a_gyroscope_suspended_in_the_air_for_a_long/,1
/r/askscience/comments/4b5vtg/does_ones_perception_of_time_change_the_rate_at/,1
https://www.reddit.com/user/BobTheJoeFred,1
https://www.reddit.com/r/askscience/comments/4b5vtg/does_ones_perception_of_time_change_the_rate_at/,1
/r/askscience/comments/4b3wc0/why_can_i_reverse_dead_batteries_in_my_remote_and/,1
https://www.reddit.com/user/mpq222,1
https://www.reddit.com/r/askscience/comments/4b3wc0/why_can_i_reverse_dead_batteries_in_my_remote_and/,1
/r/askscience/comments/4b4a0a/if_i_was_well_enough_insulated_could_i_survive_on/,1
https://www.reddit.com/user/maybe-tomorrow,1
https://www.reddit.com/r/askscience/comments/4b4a0a/if_i_was_well_enough_insulated_could_i_survive_on/,1
/r/askscience/comments/4b34ra/naked_mole_rats_are_highly_social_animals_and/,1
https://www.reddit.com/user/adlerchen,1
https://www.reddit.com/r/askscience/comments/4b34ra/naked_mole_rats_are_highly_social_animals_and/,1
/r/askscience/comments/4b3hyq/why_would_a_thinner_layer_of_compound_mixture_be/,1
https://www.reddit.com/user/Dpgg94,1
https://www.reddit.com/r/askscience/comments/4b3hyq/why_would_a_thinner_layer_of_compound_mixture_be/,1
/r/askscience/comments/4b4nsu/can_a_given_function_be_expressed_as_another/,1
https://www.reddit.com/user/Teeaamzz,1
https://www.reddit.com/r/askscience/comments/4b4nsu/can_a_given_function_be_expressed_as_another/,1
/r/askscience/comments/4b5j02/chemistry_are_there_any_acids_that_work_by/,1
https://www.reddit.com/user/Hiephoohallo,1
https://www.reddit.com/r/askscience/comments/4b5j02/chemistry_are_there_any_acids_that_work_by/,1
/r/askscience/comments/4b744r/how_can_electrons_have_an_energy_of_18_kev_in/,1
https://www.reddit.com/user/ricola-ninja,1
https://www.reddit.com/r/askscience/comments/4b744r/how_can_electrons_have_an_energy_of_18_kev_in/,1
/r/askscience/comments/4b3vxs/what_would_happen_to_a_small_cd_player_in_zerog/,1
https://www.reddit.com/user/bluekrill_,1
https://www.reddit.com/r/askscience/comments/4b3vxs/what_would_happen_to_a_small_cd_player_in_zerog/,1
/r/askscience/comments/4b4t5v/since_spacetime_is_curved_will_travelling_far/,1
https://www.reddit.com/user/bobhwantstoknow,1
https://www.reddit.com/r/askscience/comments/4b4t5v/since_spacetime_is_curved_will_travelling_far/,1
/r/askscience/comments/4aysrs/when_research_shows_some_people_share_24_of_their/,1
https://www.reddit.com/user/Fnottrobald,1
https://www.reddit.com/r/askscience/comments/4aysrs/when_research_shows_some_people_share_24_of_their/,1
/r/askscience/comments/4b3xev/does_collagen_have_a_tertiary_structure/,1
https://www.reddit.com/user/chuckcuhc,1
https://www.reddit.com/r/askscience/comments/4b3xev/does_collagen_have_a_tertiary_structure/,1
/r/askscience/comments/4b2r4q/what_would_we_experience_if_a_gamma_ray_burst/,1
https://www.reddit.com/user/trav110,1
https://www.reddit.com/r/askscience/comments/4b2r4q/what_would_we_experience_if_a_gamma_ray_burst/,1
/r/askscience/comments/4b5f6k/using_nuclear_fusion_how_much_fuel_would_it_take/,1
https://www.reddit.com/user/zombiecurse,1
https://www.reddit.com/r/askscience/comments/4b5f6k/using_nuclear_fusion_how_much_fuel_would_it_take/,1
/r/askscience/comments/4b44q6/does_energy_have_mass/,1
https://www.reddit.com/user/tasos500,1
https://www.reddit.com/r/askscience/comments/4b44q6/does_energy_have_mass/,1
/r/askscience/comments/4b36qt/can_ptsd_permanently_alter_your_bodys/,1
https://www.reddit.com/user/hellraiser9164,1
https://www.reddit.com/r/askscience/comments/4b36qt/can_ptsd_permanently_alter_your_bodys/,1
https://www.reddit.com/r/askscience/?count=25&after=t3_4b36qt,1
https://www.reddit.com/r/aww/new/,1
https://www.reddit.com/r/aww/rising/,1
https://www.reddit.com/r/aww/controversial/,1
https://www.reddit.com/r/aww/top/,1
https://www.reddit.com/r/aww/gilded/,1
https://www.reddit.com/r/aww/wiki/,1
https://www.reddit.com/r/aww/ads/,1
https://www.reddit.com/r/aww/submit,1
/r/aww/submit,1
/r/petloss,1
/r/lolcats,1
/r/aww,1
/r/care,1
/r/assistance,1
https://www.reddit.com/r/aww/wiki/index,1
/r/adorableart,1
/r/animalgifs,1
/r/animalsbeingderps,1
/r/animalrights,1
/r/awwgifs,1
/r/awwducational,1
/r/awwnverts,1
/r/babyelephantgifs,1
/r/beforenafteradoption,1
/r/birdpics,1
/r/captivewildlife,1
/r/cats,1
/r/catpictures,1
/r/catvideos,1
/r/cute,1
/r/cutekids,1
/r/dogpictures,1
/r/dogswearinghats,1
/r/foxes,1
/r/guineapigs,1
/r/gentlemanimals,1
/r/hardcoreaww,1
/r/photoshawwp,1
http://www.reddit.com/r/AnimalReddits/wiki/faq,1
/r/raccoongifs,1
/r/redpandas,1
/r/sloths,1
/r/pigs,1
/r/upliftingnews,1
/r/koalas,1
/r/lgbtaww,1
/r/delightfullychubby,1
/r/rabbits,1
/r/parrots,1
/r/mildlystartledcats,1
/r/animalsfailing,1
/r/StartledCats,1
/r/animalexpressions,1
/r/CatsStandingUp,1
/r/lazycats,1
/r/kitty,1
/r/brushybrushy,1
/r/awwakeup,1
/r/CatHighFive,1
/r/gifsofotters,1
/r/Panda_gifs,1
/r/GirlsCuddlingPuppies,1
/r/animalssmiling,1
/r/babybeastgifs,1
/r/Pomeranians,1
/r/tinyanimalsonfingers,1
/r/HoldMyNip,1
/r/CorgiGifs,1
/r/kittengifs,1
/r/PuppySmiles,1
/r/stoppedworking,1
/r/BeachDogs,1
/r/AllThingsDogs,1
/r/rats,1
/r/batty,1
https://www.petsmartcharities.org/adopt-a-pet/find-a-spayneuter-clinic,1
http://adopt.pschar.org/,1
http://www.reddit.com/r/aww/comments/2bxq23/reddit_101/,1
/message/compose?to=%2Fr%2Faww,1
https://www.reddit.com/user/careless,1
https://www.reddit.com/user/moomookitty,1
https://www.reddit.com/user/MrsRatt,1
https://www.reddit.com/user/PenguinTransport,1
https://www.reddit.com/user/316nuts,1
https://www.reddit.com/user/absurdlyobfuscated,1
https://www.reddit.com/user/ParakeetNipple,1
https://www.reddit.com/user/Motha_Effin_Kitty_Yo,1
https://www.reddit.com/user/KRaidium,1
https://www.reddit.com/user/earthceltic,1
/r/aww/about/moderators,1
http://i.imgur.com/siGUtoF.jpg,2
https://www.reddit.com/user/buzzfeed_journalist,1
https://www.reddit.com/r/aww/comments/4b61hl/nap_time/,1
http://imgur.com/a/6xx8t,2
https://www.reddit.com/user/LonelyVelociraptor,1
https://www.reddit.com/r/aww/comments/4b54kh/adopted_this_old_man_from_the_shelter_today/,1
http://imgur.com/b5kAQL8,2
https://www.reddit.com/user/teap0ts,1
https://www.reddit.com/r/aww/comments/4b5jzq/she_lays_and_sleeps_like_this_most_of_the_time/,1
http://i.imgur.com/0DuheTR,2
https://www.reddit.com/user/BakarEguzki,1
https://www.reddit.com/r/aww/comments/4b7cuf/i_though_this_was_pretty_cute/,1
http://i.imgur.com/V4GS05r.jpg,2
https://www.reddit.com/user/Wishorwash,1
https://www.reddit.com/r/aww/comments/4b4iba/my_boy_duke_smiling_like_an_idiot/,1
http://i.imgur.com/Pd5EAjS.gifv,2
https://www.reddit.com/r/aww/comments/4b4pzl/this_is_why_some_people_cant_have_nice_things/,1
http://i.imgur.com/rINjSlE.gifv,2
https://www.reddit.com/user/mattythedog,1
https://www.reddit.com/r/aww/comments/4b7mw9/slides_are_slippery/,1
http://imgur.com/paXMmtK,2
https://www.reddit.com/user/TheNightBefore,1
https://www.reddit.com/r/aww/comments/4b676u/that_loving_staremeet_our_new_adoptee/,1
http://imgur.com/8BDAcLr,2
https://www.reddit.com/user/poopfilter,1
https://www.reddit.com/r/aww/comments/4b4isx/this_is_how_my_cat_greets_me_when_i_get_home/,1
http://imgur.com/LB6EuPf,2
https://www.reddit.com/user/luvmakabutyrumpshaka,1
https://www.reddit.com/r/aww/comments/4b45e2/wife_just_brought_this_home/,1
http://imgur.com/yByyZCQ,2
https://www.reddit.com/user/pidzson,1
https://www.reddit.com/r/aww/comments/4b6yb2/he_sleeps_like_this_with_me_every_night/,1
https://i.imgur.com/uF03aDN.jpg,2
https://www.reddit.com/user/RadioSanta,1
https://www.reddit.com/r/aww/comments/4b4ftm/hugo_cant_believe_hes_going_to_the_park/,1
http://imgur.com/W5zGaQa.gifv,2
https://www.reddit.com/user/jabbathechav,1
https://www.reddit.com/r/aww/comments/4b7hcc/cats_arent_so_good_at_fetch/,1
http://imgur.com/DEZ4Ydx.gifv,2
https://www.reddit.com/user/GallowBoob,1
https://www.reddit.com/r/aww/comments/4b39kh/lets_go_for_a_swim/,1
http://m.imgur.com/gallery/CIlYJI7,2
/domain/m.imgur.com/,1
https://www.reddit.com/user/thegreatambini,1
https://www.reddit.com/r/aww/comments/4b5vdf/whenever_someone_comes_over_he_shows_them_his/,1
http://i.imgur.com/uiRB0K4.jpg,2
https://www.reddit.com/user/itsmeagin,1
https://www.reddit.com/r/aww/comments/4b7jnc/i_work_from_home_my_coworkers_are_such_slackers/,1
http://i.imgur.com/f4ryXU8.jpg,2
https://www.reddit.com/user/urati,1
https://www.reddit.com/r/aww/comments/4b6t72/sometimes_he_forgets_to_put_his_tongue_back_in/,1
http://imgur.com/tc1qtc6,2
https://www.reddit.com/user/notaflyguy142,1
https://www.reddit.com/r/aww/comments/4b7axf/after_a_couple_days_of_sun_the_puppies_are/,1
http://imgur.com/1N8WgoH,2
https://www.reddit.com/user/rockstar_xx,1
https://www.reddit.com/r/aww/comments/4b78ck/how_can_you_not_fall_in_love_with_those_puppy_dog/,1
http://imgur.com/cxOEzaX,2
https://www.reddit.com/user/AbsorbEverything,1
https://www.reddit.com/r/aww/comments/4b5h9s/temmie_enjoying_the_sun_at_her_very_first_trip_to/,1
http://imgur.com/qa1ESgJ,2
https://www.reddit.com/user/barrre,1
https://www.reddit.com/r/aww/comments/4b6h19/met_the_sweetest_newfoundland_at_work_today/,1
http://i.imgur.com/KyHiHIc.gifv,2
https://www.reddit.com/user/hsusman,1
https://www.reddit.com/r/aww/comments/4b4fxd/cute_kitten_trying_to_catch_fish_in_smartphone/,1
http://i.imgur.com/6hahA69.gifv,2
https://www.reddit.com/user/__123456789__,1
https://www.reddit.com/r/aww/comments/4b4260/trust_fall/,1
http://i.imgur.com/v5C8vn7.gifv,2
https://www.reddit.com/user/SmileyFace-_-,1
https://www.reddit.com/r/aww/comments/4b58fn/dog_protects_pregnant_womens_belly/,1
https://www.reddit.com/r/aww/?count=25&after=t3_4b58fn,1
https://www.reddit.com/r/blog/new/,1
https://www.reddit.com/r/blog/rising/,1
https://www.reddit.com/r/blog/controversial/,1
https://www.reddit.com/r/blog/top/,1
https://www.reddit.com/r/blog/gilded/,1
https://www.reddit.com/r/blog/ads/,1
http://redditblog.com,1
/r/announcements,1
/message/compose?to=%2Fr%2Fblog,1
https://www.reddit.com/user/bluepinkblack,4
/r/blog/about/moderators,1
http://www.redditblog.com/2016/01/ask-me-anything-volume-one.html,2
/domain/redditblog.com/,20
https://www.reddit.com/r/blog/comments/3zkzrg/ask_me_anything_volume_one/,1
http://www.redditblog.com/2015/12/reddit-in-2015.html,2
https://www.reddit.com/r/blog/comments/3yxdou/reddit_in_2015/,1
http://www.redditblog.com/2015/12/happy-holidays-from-all-of-us-at-reddit.html,2
https://www.reddit.com/r/blog/comments/3y6t5w/happy_holidays_from_all_of_us_at_reddit/,1
http://www.redditblog.com/2015/11/time-is-running-out-help-us-support.html,2
https://www.reddit.com/r/blog/comments/3ryekk/time_is_running_out_help_us_support_extra_life/,1
https://www.redditgifts.com/exchanges/secret-santa-2015/,2
/domain/redditgifts.com/,5
https://www.reddit.com/r/blog/comments/3r8j7k/join_a_reddit_tradition_in_its_7th_straight_year/,1
http://www.redditblog.com/2015/10/join-us-before-its-too-late-play-games.html,2
https://www.reddit.com/r/blog/comments/3qv0iy/join_us_before_its_too_late_play_games_and_heal/,1
http://www.redditblog.com/2015/10/introducing-upvoted-redditorial.html,2
https://www.reddit.com/user/ComeForthLazarus,2
https://www.reddit.com/r/blog/comments/3npxm4/introducing_upvoted_a_redditorial_publication/,1
http://www.redditblog.com/2015/09/join-us-once-again-for-extra-life.html,2
https://www.reddit.com/r/blog/comments/3j8qwb/join_us_once_again_for_the_extra_life_gaming/,1
https://www.redditgifts.com/blog/view/14000-teachers-really-need-your-help/,2
https://www.reddit.com/user/highshelfofsteam,1
https://www.reddit.com/r/blog/comments/3hluuw/14000_teachers_really_need_your_help_reddit/,1
https://www.redditgifts.com/exchanges/redditgifts-teachers-2015/,2
https://www.reddit.com/r/blog/comments/3ghg5j/lets_help_teachers_get_the_supplies_they/,1
http://www.redditblog.com/2015/06/happy-10th-birthday-to-us-celebrating.html,2
https://www.reddit.com/r/blog/comments/3auk69/happy_10th_birthday_to_us_celebrating_the_best_of/,1
http://www.redditblog.com/2015/06/the-button-has-ended.html,2
https://www.reddit.com/r/blog/comments/3921yz/the_button_has_ended/,1
http://www.redditblog.com/2015/05/the-6th-annual-global-reddit-meetup-day.html,2
https://www.reddit.com/r/blog/comments/36n9yb/the_6th_annual_global_reddit_meetup_day_is/,1
https://www.redditgifts.com/exchanges/arbitrary-day-2015/,2
https://www.reddit.com/r/blog/comments/36drqa/arbitrary_day_is_here_again_sign_up_for_the/,1
http://www.redditblog.com/2015/05/an-update-on-what-reddit-community-has.html,2
https://www.reddit.com/r/blog/comments/35qodf/an_update_on_what_the_reddit_community_has_done/,1
http://www.redditblog.com/2015/05/promote-ideas-protect-people.html,2
https://www.reddit.com/r/blog/comments/35ym8t/promote_ideas_protect_people/,1
http://www.redditblog.com/2015/05/were-sharing-our-companys-core-values.html,2
https://www.reddit.com/r/blog/comments/352twf/were_sharing_our_companys_core_values_with_the/,1
http://www.redditblog.com/2015/04/change-reddits-appearance-with-reddit.html,2
https://www.reddit.com/r/blog/comments/34f72d/change_reddits_appearance_with_reddit_themes/,1
http://www.redditblog.com/2015/04/calling-all-redditors-to-help-nepal_28.html,2
https://www.reddit.com/r/blog/comments/3460c8/calling_all_redditors_to_help_nepal_earthquake/,1
http://www.redditblog.com/2015/04/announcing-upvoted-weekly-new-opt-in.html,2
https://www.reddit.com/r/blog/comments/32kyed/announcing_upvoted_weekly_a_new_optin_way_to/,1
http://www.redditblog.com/2015/04/the-button.html,2
https://www.reddit.com/r/blog/comments/312jt1/the_button/,1
http://www.redditblog.com/2015/03/announcing-embeddable-comment-threads.html,2
https://www.reddit.com/r/blog/comments/302347/announcing_embeddable_comment_threads/,1
http://www.redditblog.com/2015/02/announcing-winners-of-reddit-donate.html,2
https://www.reddit.com/user/bethereinfive,1
https://www.reddit.com/r/blog/comments/2x99z0/announcing_the_winners_of_reddit_donate/,1
http://www.redditblog.com/2015/02/reddit-resources-and-subreddit-ads.html,2
https://www.reddit.com/user/iamapillow,1
https://www.reddit.com/r/blog/comments/2v0gtb/reddit_resources_and_subreddit_ads/,1
http://redditgifts.com/blog/view/snoo-you/,2
https://www.reddit.com/r/blog/comments/2ujvtt/a_snoo_like_you/,1
https://www.reddit.com/r/blog/?count=25&after=t3_2ujvtt,1
https://www.reddit.com/r/books/new/,1
https://www.reddit.com/r/books/rising/,1
https://www.reddit.com/r/books/controversial/,1
https://www.reddit.com/r/books/top/,1
https://www.reddit.com/r/books/gilded/,1
https://www.reddit.com/r/books/wiki/,1
https://www.reddit.com/r/books/ads/,1
https://www.reddit.com/r/books/submit,1
https://www.reddit.com/r/books/submit?selftext=true,1
#place%20announcements%20below,1
http://goo.gl/rt8eJf,2
http://goo.gl/qod6RL,3
http://redd.it/4axi1b,1
http://redd.it/4acd2j,1
/r/books/wiki/rules,1
http://goo.gl/HXpfgH,1
/r/books/wiki/relatedsubreddits,1
/r/Books/wiki/amarules,1
/r/books/wiki/faq,1
/r/books/wiki/index,1
/r/books/wiki/suggested,2
/r/suggestmeabook,2
/r/books/wiki/whattoread,1
/r/Books/wiki/rules,1
http://goo.gl/Sk7eGf,1
https://goo.gl/wQsSB3,1
http://goo.gl/2MUIdN,1
http://goo.gl/GBDZqE,1
http://goo.gl/sdlyLA,1
http://goo.gl/22MquN,1
http://goo.gl/GLWlj5,1
http://goo.gl/oFM8eJ,1
/r/books/wiki/amafullschedule,1
http://goo.gl/ChbJop,1
http://goo.gl/AF2bE4,1
http://goo.gl/DFZnEh,1
http://goo.gl/seDjWz,1
http://goo.gl/UTD8LB,1
http://goo.gl/I4wgQE,1
http://goo.gl/TDRq9t,1
http://goo.gl/RBcyna,1
#s,1
/r/books/wiki/flairs,1
/r/bookclub,1
http://goo.gl/QgeSOM,1
http://goo.gl/94lql6,1
http://goo.gl/6sFeOG,1
http://goo.gl/oxXkDr,1
#the%20book%20banner,1
https://goo.gl/R1k349,1
https://goo.gl/Hy9Z2L,1
https://goo.gl/twkbkC,2
https://goo.gl/PWf7sn,1
https://goo.gl/77rBSL,1
https://goo.gl/d3r8Vn,1
https://goo.gl/Ktb6vA,1
https://goo.gl/G0ieZx,1
https://goo.gl/30zg8L,1
https://goo.gl/WdCmhZ,1
https://goo.gl/hB1BTL,1
https://goo.gl/eMOUly,1
https://goo.gl/1CXB36,1
https://goo.gl/MRcSyI,1
https://www.reddit.com/r/books/comments/435kp1/contest_redesignimagine_our_snoo_and_win_3_months/,1
/message/compose?to=%2Fr%2Fbooks,1
https://www.reddit.com/user/DaedalusMinion,1
https://www.reddit.com/user/reetnz,1
https://www.reddit.com/user/pithyretort,1
https://www.reddit.com/user/boib,1
https://www.reddit.com/user/brigodon,1
https://www.reddit.com/user/themightiestduck,1
https://www.reddit.com/user/AutoModerator,4
https://www.reddit.com/user/thewretchedhole,1
https://www.reddit.com/user/IAmTheRedWizards,1
https://www.reddit.com/user/Abe_lincolin,1
/r/books/about/moderators,3
/r/books/comments/48dlh4/the_march_rbooks_bookclub_selection_is_lexicon_by/,2
/r/books/,17
https://www.reddit.com/user/Chtorrr,1
https://www.reddit.com/r/books/comments/48dlh4/the_march_rbooks_bookclub_selection_is_lexicon_by/,1
/r/books/comments/4b6xbx/weekly_faq_thread_march_20_2016_how_do_you_get/,2
https://www.reddit.com/r/books/comments/4b6xbx/weekly_faq_thread_march_20_2016_how_do_you_get/,1
http://www.cnet.com/news/lost-lovecraft-manuscript-penned-for-houdini-found/,2
/domain/cnet.com/,1
https://www.reddit.com/user/mycoxxafloppin,1
https://www.reddit.com/r/books/comments/4b5t6n/longlost_lovecraft_manuscript_penned_for_houdini/,1
http://60abc.com/the-national-book-critics-circle-award-goes-to-the-sellout/,2
/domain/60abc.com/,1
https://www.reddit.com/user/Yehuda5435,1
https://www.reddit.com/r/books/comments/4b2omz/the_national_book_critics_circle_award_goes_to/,1
/r/books/comments/4b7pw2/reddit_i_need_your_collective_help_finding_an/,2
https://www.reddit.com/user/dizcovolante,1
https://www.reddit.com/r/books/comments/4b7pw2/reddit_i_need_your_collective_help_finding_an/,1
/r/books/comments/4b5yps/why_i_love_working_at_the_library/,2
https://www.reddit.com/user/IhrKenntMichNicht,1
https://www.reddit.com/r/books/comments/4b5yps/why_i_love_working_at_the_library/,1
https://ca.news.yahoo.com/pop-star-prince-writing-memoir-released-next-002903209.html,2
/domain/ca.news.yahoo.com/,1
https://www.reddit.com/user/likelyculprit,1
https://www.reddit.com/r/books/comments/4b4311/prince_says_hes_writing_a_memoir/,1
/r/books/comments/4b705a/which_author_do_you_think_is_wildly_overrated/,2
https://www.reddit.com/user/thisshortenough,1
https://www.reddit.com/r/books/comments/4b705a/which_author_do_you_think_is_wildly_overrated/,1
/r/books/comments/4b6g1n/what_moment_in_a_book_stopped_you_dead_in_your/,2
https://www.reddit.com/user/iBaconized,1
https://www.reddit.com/r/books/comments/4b6g1n/what_moment_in_a_book_stopped_you_dead_in_your/,1
http://www.independent.co.uk/arts-entertainment/books/reviews/jesus-son-by-denis-johnson-book-of-a-lifetime-a-mortal-sort-of-combat-a6936521.html,2
https://www.reddit.com/user/largeheartedboy,1
https://www.reddit.com/r/books/comments/4b7ezx/jesus_son_by_denis_johnson_book_of_a_lifetime_a/,1
/r/books/comments/4b65r4/the_host_by_stephenie_meyer/,2
https://www.reddit.com/user/iApolloDusk,1
https://www.reddit.com/r/books/comments/4b65r4/the_host_by_stephenie_meyer/,1
http://www.bbc.co.uk/programmes/b01r522y/episodes/player,2
/domain/bbc.co.uk/,1
https://www.reddit.com/user/dissphemism,1
https://www.reddit.com/r/books/comments/4b6vqe/bbc_radio_did_a_readthrough_broadcast_of_neil/,1
/r/books/comments/4b5epu/has_anybody_read_the_end_of_eternity_by_isaac/,2
https://www.reddit.com/user/turtlestwo,1
https://www.reddit.com/r/books/comments/4b5epu/has_anybody_read_the_end_of_eternity_by_isaac/,1
http://www.udiscovermusic.com/the-best-songs-based-on-books,2
/domain/udiscovermusic.com/,1
https://www.reddit.com/user/BlankVerse,1
https://www.reddit.com/r/books/comments/4b6ql2/the_best_songs_based_on_books/,1
/r/books/comments/4b6u2q/do_you_have_any_experience_reading_books_on_a/,2
https://www.reddit.com/user/mateimicro123,1
https://www.reddit.com/r/books/comments/4b6u2q/do_you_have_any_experience_reading_books_on_a/,1
http://www.theguardian.com/books/2015/mar/10/paul-beatty-interview-the-sellout,2
/domain/theguardian.com/,5
https://www.reddit.com/user/StephenKong,1
https://www.reddit.com/r/books/comments/4b7xim/paul_beatty_on_writing_humor_and_race_there_are/,1
/r/books/comments/4b7qqg/100_years_of_solitude_penguin_1998_edition/,2
https://www.reddit.com/user/Tetzel,1
https://www.reddit.com/r/books/comments/4b7qqg/100_years_of_solitude_penguin_1998_edition/,1
/r/books/comments/4b6vc4/what_are_some_jobs_where_i_get_to_be_around_books/,2
https://www.reddit.com/user/easterimages,1
https://www.reddit.com/r/books/comments/4b6vc4/what_are_some_jobs_where_i_get_to_be_around_books/,1
http://www.theguardian.com/books/2016/mar/20/barry-hines-author-behind-kes-dies-kestrel-for-knave,2
https://www.reddit.com/user/Noticemenot,1
https://www.reddit.com/r/books/comments/4b7ouz/barry_hines_author_of_book_behind_kes_dies/,1
/r/books/comments/4b7nj5/what_to_read_after_lord_of_the_rings_trilogy/,2
https://www.reddit.com/user/hungovercaveman,1
https://www.reddit.com/r/books/comments/4b7nj5/what_to_read_after_lord_of_the_rings_trilogy/,1
/r/books/comments/4b7lf5/anybody_ever_had_a_custom_dust_jacket_made/,2
https://www.reddit.com/user/ValHaller,1
https://www.reddit.com/r/books/comments/4b7lf5/anybody_ever_had_a_custom_dust_jacket_made/,1
/r/books/comments/4b5nei/remember_the_vampire_armand_by_anne_rice/,2
https://www.reddit.com/user/pm-me-new-music,1
https://www.reddit.com/r/books/comments/4b5nei/remember_the_vampire_armand_by_anne_rice/,1
/r/books/comments/4b6pt1/neuromancer_flew_right_over_my_head/,2
https://www.reddit.com/user/aloeicious,1
https://www.reddit.com/r/books/comments/4b6pt1/neuromancer_flew_right_over_my_head/,1
/r/books/comments/4b3xfb/the_dark_tower_series/,2
https://www.reddit.com/user/tunabee,1
https://www.reddit.com/r/books/comments/4b3xfb/the_dark_tower_series/,1
http://www.redonline.co.uk/reviews/book-reviews/best-roald-dahl-books,2
/domain/redonline.co.uk/,1
https://www.reddit.com/user/roygerdodger,1
https://www.reddit.com/r/books/comments/4b796y/8_roald_dahl_books_everyone_should_read/,1
/r/books/comments/4b765f/are_there_any_authors_you_hate_so_much_you_turn/,2
https://www.reddit.com/user/9914,1
https://www.reddit.com/r/books/comments/4b765f/are_there_any_authors_you_hate_so_much_you_turn/,1
http://www.papertreehawaii.com/,2
/domain/papertreehawaii.com/,1
https://www.reddit.com/user/TheHangOfThursday_,1
https://www.reddit.com/r/books/comments/4b6rxz/my_friend_spontaneously_moved_to_hawaii_several/,1
https://www.reddit.com/r/books/?count=25&after=t3_4b6rxz,1
https://www.reddit.com/r/creepy/new/,1
https://www.reddit.com/r/creepy/rising/,1
https://www.reddit.com/r/creepy/controversial/,1
https://www.reddit.com/r/creepy/top/,1
https://www.reddit.com/r/creepy/gilded/,1
https://www.reddit.com/r/creepy/ads/,1
https://www.reddit.com/r/creepy/submit,1
https://www.reddit.com/r/creepy/submit?selftext=true,1
/wiki/reddit_101,1
/r/creepy,1
http://www.reddit.com/message/compose?to=%2Fr%2Fcreepy,2
http://www.reddit.com/r/creepy/submit,1
/r/gore,1
http://i.imgur.com/UEj3BTE.jpg,1
http://imgur.com/a/lilMN,1
http://www.reddit.com/r/creepy/comments/wqhut/rcreepys_official_list_of_creepy_movies/,1
http://www.reddit.com/user/AskingVikas,1
/r/UnresolvedMysteries,1
/r/oldschoolcreepy,1
/r/welcometohell,1
http://www.reddit.com/r/serialkillers,1
/r/horror,1
/r/skulls,1
/r/Paranormal,1
/r/UrbanMyths,1
/r/CemeteryPorn,1
/r/creepy_gif,1
/r/MorbidReality,1
/r/scaredshitless,1
/r/WTF_for_real,1
/r/creepygaming,1
/r/SCP,1
/r/unnerving,1
/r/vampires,1
/r/reflectionstories,1
/r/CreepyReadings,1
/r/skinwalkers,1
/r/Creepy,1
https://www.reddit.com/user/ContentWithOurDecay,2
/message/compose?to=%2Fr%2Fcreepy,1
https://www.reddit.com/user/elegylegacy,1
https://www.reddit.com/user/iambecomedeath7,1
https://www.reddit.com/user/darkmannx,1
https://www.reddit.com/user/Jack_Shid,1
https://www.reddit.com/user/Kylde,1
https://www.reddit.com/user/GuruGuru214,1
https://www.reddit.com/user/twilldy,1
https://www.reddit.com/user/Cmdr-Artemisia,1
https://www.reddit.com/user/ani625,1
/r/creepy/about/moderators,1
/r/creepy/comments/3wzrp2/i_am_an_artist_collecting_audio_recordings_of/,2
/r/creepy/,1
https://www.reddit.com/user/TellMeYourScaryStory,1
https://www.reddit.com/r/creepy/comments/3wzrp2/i_am_an_artist_collecting_audio_recordings_of/,1
http://imgur.com/TPimbee,2
https://www.reddit.com/user/_BLACK_BY_NAME_,1
https://www.reddit.com/r/creepy/comments/4b3s77/my_girlfriends_mother_found_this_in_a_field_while/,1
http://i.imgur.com/lAxJmOj.gifv,2
https://www.reddit.com/user/hip_hop_opotimus,1
https://www.reddit.com/r/creepy/comments/4b5jxy/dont_look_into_her_eyes_for_too_long/,1
http://i.imgur.com/c4Vs7if.jpg,2
https://www.reddit.com/user/OppositeFingat,1
https://www.reddit.com/r/creepy/comments/4b6xtd/unzipping_done_right/,1
http://i.imgur.com/e4CiRNb?r,2
https://www.reddit.com/user/nikola_mihaylov,1
https://www.reddit.com/r/creepy/comments/4b3s4u/divers_finds_at_the_bottom_of_a_lake_xpost_from/,1
http://www.imgur.com/smrIU6x.jpg,2
https://www.reddit.com/user/hanky1979,1
https://www.reddit.com/r/creepy/comments/4b71e0/smoked_corpses_from_papua_new_guineas_aseki/,1
http://imgur.com/Oqhz9MO,2
https://www.reddit.com/user/Az196,1
https://www.reddit.com/r/creepy/comments/4b556y/my_friends_ultrasound_is_the_most_unnerving_thing/,1
http://imgur.com/stab4Ib,2
https://www.reddit.com/user/eddieinthecity,1
https://www.reddit.com/r/creepy/comments/4b5nl5/in_the_back_of_my_local_thrift_store/,1
http://imgur.com/jJ7sPiU,2
https://www.reddit.com/user/lizzybe,1
https://www.reddit.com/r/creepy/comments/4b7e7a/the_kids_were_not_amused/,1
http://imgur.com/OEUDk8k,2
https://www.reddit.com/user/LazyEyedPeanut,1
https://www.reddit.com/r/creepy/comments/4b294i/morning_fog_in_borovets_bulgaria/,1
http://imgur.com/a/p1Dbk,2
https://www.reddit.com/user/mattdeII96,1
https://www.reddit.com/r/creepy/comments/4b4ljo/sinister_easter_bunnies_a_collection/,1
https://i.imgur.com/e4CiRNb.gifv,2
https://www.reddit.com/user/Mister__S,1
https://www.reddit.com/r/creepy/comments/4b701r/diver_finds_cinder_blocks_xpost_runexpected/,1
http://imgur.com/FgtaYla,2
https://www.reddit.com/user/mustachereviews,1
https://www.reddit.com/r/creepy/comments/4b5fjw/easter_bunny/,1
http://imgur.com/5BWjmah,2
https://www.reddit.com/user/Every_form,1
https://www.reddit.com/r/creepy/comments/4b55yd/when_a_building_looks_like_its_going_to_eat_you/,1
https://www.youtube.com/watch?v=ritaljhhk7s,2
https://www.reddit.com/user/FulvousFox,1
https://www.reddit.com/r/creepy/comments/4b5hk6/this_chemical_reaction/,1
http://img13.deviantart.net/2034/i/2005/140/7/4/vulture_chick__view_1_by_cermaith.jpg,2
/domain/img13.deviantart.net/,1
https://www.reddit.com/user/gachzorge,1
https://www.reddit.com/r/creepy/comments/4az15u/vulture_chick/,1
https://www.youtube.com/watch?v=b3a21wiRtTs,2
https://www.reddit.com/user/wileycoyotea,1
https://www.reddit.com/r/creepy/comments/4b4655/mentalist_derren_brown_manipulates_3_contestants/,1
https://instaud.io/b9j,2
/domain/instaud.io/,1
https://www.reddit.com/user/Rotwick,1
https://www.reddit.com/r/creepy/comments/4b6w8z/duck_army_horror_edition/,1
https://www.youtube.com/watch?v=CpmAD4gcLMo,2
https://www.reddit.com/user/floodster,1
https://www.reddit.com/r/creepy/comments/4b4kdi/1_hour_of_creepy_audioscapes_and_mutated_elephant/,1
https://www.youtube.com/watch?v=vuG3owqjqdQ,2
https://www.reddit.com/user/xandermartin98,1
https://www.reddit.com/r/creepy/comments/4b4onp/my_little_roll_of_duct_tape/,1
https://www.youtube.com/watch?v=oNvKRD6p-X0,2
https://www.reddit.com/user/TheNickEpic,1
https://www.reddit.com/r/creepy/comments/4b6vh1/wig_dryer/,1
https://www.youtube.com/watch?v=3JkJa5JlDbw,2
https://www.reddit.com/user/someonefromnowhere,1
https://www.reddit.com/r/creepy/comments/4b6rpe/abandoned_priory_exploration/,1
http://i.imgur.com/IqfS4Tp.jpg,2
https://www.reddit.com/user/organicpastaa,1
https://www.reddit.com/r/creepy/comments/4b65xx/eerie_bridge_outside_ufo_hotspot/,1
http://i.imgur.com/Fe59RJ3.jpg,2
https://www.reddit.com/user/theyork2000,1
https://www.reddit.com/r/creepy/comments/4b6m5v/the_carnival/,1
http://i.imgur.com/NkgkK2f.jpg,2
https://www.reddit.com/user/GraveyardGlamour,1
https://www.reddit.com/r/creepy/comments/4b6iiz/grumpy_clown/,1
http://youtu.be/x-pj8OtyO2I,2
https://www.reddit.com/user/MsPearlSnaps,1
https://www.reddit.com/r/creepy/comments/4b6i3k/this_house_has_people_in_it/,1
https://www.reddit.com/r/creepy/?count=25&after=t3_4b6i3k,1
https://www.reddit.com/r/dataisbeautiful/new/,1
https://www.reddit.com/r/dataisbeautiful/rising/,1
https://www.reddit.com/r/dataisbeautiful/controversial/,1
https://www.reddit.com/r/dataisbeautiful/top/,1
https://www.reddit.com/r/dataisbeautiful/gilded/,1
https://www.reddit.com/r/dataisbeautiful/wiki/,1
https://www.reddit.com/r/dataisbeautiful/ads/,1
https://www.reddit.com/r/dataisbeautiful/submit,1
https://www.reddit.com/r/dataisbeautiful/submit?selftext=true,1
http://www.reddit.com/r/dataisbeautiful/submit,1
http://www.reddit.com/r/dataisbeautiful/submit?sidebar&title=Title%20your%20visualization%20but%20keep%20the%20closing%20tag%20%5BOC%5D#btn,1
http://bit.ly/1tNmQJF,1
http://www.reddit.com/r/dataisbeautiful/search?q=flair%3A%22OC%22+OR+flair%3A%22OCtext%22&sort=top&restrict_sr=on&t=week#res-hide-options,1
/r/dataisbeautiful/comments/1ty2i3/best_of_dataisbeautiful_2013_results/,1
http://www.reddit.com/r/dataisbeautiful/comments/2e6l6j/best_of_dataisbeautiful_results_january_july_2014/,1
http://www.reddit.com/r/dataisbeautiful/comments/2r7lgs/best_of_dataisbeautiful_results_august_december/,1
http://www.reddit.com/r/dataisbeautiful/wiki/index#wiki_what_is_a_data_visualization,1
http://www.reddit.com/r/dataisbeautiful/wiki/index#wiki_original_sources,1
http://www.reddit.com/r/dataisbeautiful/wiki/index#wiki_what_counts_as_original_content_.28oc.29.3F,1
http://www.reddit.com/r/dataisbeautiful/wiki/index#wiki_can_i_post_a_question.3F,1
http://www.reddit.com/r/dataisbeautiful/wiki/index#wiki_infographic_vs_visualization,1
http://www.reddit.com/r/dataisbeautiful/wiki/index#wiki_compilations,1
http://www.reddit.com/r/dataisbeautiful/wiki/index,1
https://www.reddit.com/r/dataisbeautiful/search?q=flair%3A%22AMA&restrict_sr=on&sort=relevance&t=all#res-hide-options,1
https://www.reddit.com/message/compose?to=%2Fr%2Fdataisbeautiful&subject=Flair+Application,1
http://www.reddit.com/r/dataisbeautiful/wiki,1
http://www.reddit.com/r/dataisbeautiful/wiki/greatpost,1
/r/visualization,1
/r/mapporn,1
/r/Infographics,1
/r/wordcloud,1
/r/DataVizRequests,1
/r/tableau,1
/r/datasets,1
/r/SampleSize,1
/r/dataisugly,1
/r/FunnyCharts,1
/r/usdataisbeautiful,1
/r/mathpics,1
/r/RedactedCharts,1
/r/statistics,1
https://twitter.com/dataisbeautiful,1
/r/internetisbeautiful,1
/message/compose?to=%2Fr%2Fdataisbeautiful,1
https://www.reddit.com/user/rhiever,2
https://www.reddit.com/user/Geographist,1
https://www.reddit.com/user/frostickle,1
https://www.reddit.com/user/NonNonHeinous,1
https://www.reddit.com/user/Vizual-Statistix,1
https://www.reddit.com/user/AsAChemicalEngineer,1
https://www.reddit.com/user/DataIsBeautifulMod,1
https://www.reddit.com/user/sarahbotts,1
https://www.reddit.com/user/zonination,1
/r/dataisbeautiful/about/moderators,2
/r/dataisbeautiful/comments/4ao6tf/dataviz_open_discussion_thread_for/,2
/r/dataisbeautiful/,2
https://www.reddit.com/r/dataisbeautiful/comments/4ao6tf/dataviz_open_discussion_thread_for/,1
http://www.randalolson.com/2016/03/18/why-posts-get-removed-from-rdataisbeautiful/,2
/domain/randalolson.com/,1
https://www.reddit.com/r/dataisbeautiful/comments/4b788n/providing_some_insight_into_the_moderation_behind/,1
http://priceonomics.com/what-death-row-inmates-say-in-their-last-words/,2
/domain/priceonomics.com/,1
https://www.reddit.com/user/vI-_-Iv,1
https://www.reddit.com/r/dataisbeautiful/comments/4b2xqd/what_death_row_inmates_say_in_their_last_words/,1
/r/dataisbeautiful/comments/4b76ri/can_someone_help_me_by_explaining_the_yaxis/,2
https://www.reddit.com/user/waywarder,1
https://www.reddit.com/r/dataisbeautiful/comments/4b76ri/can_someone_help_me_by_explaining_the_yaxis/,1
https://www.youtube.com/watch?v=kPRA0W1kECg,2
https://www.reddit.com/user/Blawdfire,1
https://www.reddit.com/r/dataisbeautiful/comments/4azqr6/15_sorting_algorithms_in_6_minutes/,1
http://sorting.at,2
/domain/sorting.at/,1
https://www.reddit.com/user/iturki27,1
https://www.reddit.com/r/dataisbeautiful/comments/4b3zix/visualize_and_understand_some_of_the_most_famous/,1
http://relativitydigest.com/2016/03/19/analyzing-stephen-currys-play/,2
/domain/relativitydigest.com/,1
https://www.reddit.com/user/tmoore48,1
https://www.reddit.com/r/dataisbeautiful/comments/4b4u4r/analyzing_stephen_currys_play/,1
https://www.youtube.com/watch?v=OTaYKEumwc8,2
https://www.reddit.com/user/ripcurly,1
https://www.reddit.com/r/dataisbeautiful/comments/4b4e4b/220_years_of_us_population_changes_in_one_map/,1
http://money.visualcapitalist.com/deaths-roman-emperors-vs-silver-coin-content/,2
/domain/money.visualcapitalist.com/,1
https://www.reddit.com/user/urbanachiever77,1
https://www.reddit.com/r/dataisbeautiful/comments/4b4h6m/cause_of_death_for_roman_emperors_vs_grams_of/,1
http://www.theguardian.com/world/2016/mar/15/us-millennials-feel-more-working-class-than-any-other-generation?CMP=share_btn_tw,2
https://www.reddit.com/user/jimrosenz,6
/user/jimrosenz,6
https://www.reddit.com/r/dataisbeautiful/comments/4b0qni/us_millennials_feel_more_working_class_than_any/,1
http://imgur.com/e9bhNMp,2
https://www.reddit.com/user/rrushic,1
https://www.reddit.com/r/dataisbeautiful/comments/4b2uke/australian_election_results_1901_2013_of_the/,1
http://www.svk.se/en/national-grid/the-control-room/,2
/domain/svk.se/,1
https://www.reddit.com/user/TheOhNoNotAgain,1
https://www.reddit.com/r/dataisbeautiful/comments/4b4km1/continuously_updated_stats_of_the_power_grid_in/,1
http://imgur.com/gallery/Wx3b3ky,2
https://www.reddit.com/user/RandomActs_of_Data,1
https://www.reddit.com/r/dataisbeautiful/comments/4b5vhb/data_related_jobs_by_state_and_employerlink_to/,1
http://fivethirtyeight.com/features/john-goodman-is-americas-greatest-supporting-actor/,2
/domain/fivethirtyeight.com/,1
https://www.reddit.com/r/dataisbeautiful/comments/4avtnu/john_goodman_is_americas_greatest_supporting_actor/,1
http://i.imgur.com/1TGmbEy.png,2
https://www.reddit.com/user/shinydots,1
https://www.reddit.com/r/dataisbeautiful/comments/4b04pq/map_of_venezia_from_flickr_geotagged_pictures/,1
http://mantascode.com/rdataisbeautiful-frequent-domain-submissions/,2
/domain/mantascode.com/,1
https://www.reddit.com/user/supaplex_,1
https://www.reddit.com/r/dataisbeautiful/comments/4b40wp/rdataisbeautiful_frequent_domain_submissions_oc/,1
http://snoopsnoo.com/,2
/domain/snoopsnoo.com/,1
https://www.reddit.com/user/Loopki40,1
https://www.reddit.com/r/dataisbeautiful/comments/4b4653/snoopsnoo_reddit_user_and_subreddit_analytics/,1
http://visual.ly/future-work-60-fastest-growing-and-declining-occupations-united-states,2
/domain/visual.ly/,1
https://www.reddit.com/user/EinFichtenbaum,1
https://www.reddit.com/r/dataisbeautiful/comments/4b09fc/the_future_of_work_60_of_the_fastest_growing_and/,1
http://exposedata.com/parallel/,2
/domain/exposedata.com/,1
https://www.reddit.com/user/pmigdal,1
https://www.reddit.com/r/dataisbeautiful/comments/4b38m2/nutrient_contents_parallel_coordinates/,1
http://www.theguardian.com/world/2016/mar/07/generation-y-pay-price-baby-boomer-pensions,2
https://www.reddit.com/r/dataisbeautiful/comments/4b0r0r/how_generation_y_is_paying_the_price_for_baby/,1
http://www.theguardian.com/world/2016/mar/09/income-young-families-falls-pensioners-prosper,2
https://www.reddit.com/r/dataisbeautiful/comments/4b0r9g/income_for_young_british_families_falls_as/,1
https://xkcd.com/1649/,2
/domain/xkcd.com/,1
https://www.reddit.com/user/SethDusek5,1
https://www.reddit.com/r/dataisbeautiful/comments/4b0h8f/xkcd_pipelines/,1
http://utopiayouarestandinginit.com/2016/03/19/unadjusted-us-gender-wage-gap-at-the-10th-50th-and-90th-percentiles-in-1980-1989-1998-and-2010/,2
/domain/utopiayouarestandinginit.com/,1
https://www.reddit.com/r/dataisbeautiful/comments/4b2pj7/unadjusted_us_gender_wage_gap_at_the_10th_50th/,1
https://hbr.org/2016/03/economic-growth-isnt-over-but-it-doesnt-create-jobs-like-it-used-to?utm_source=twitter&utm_medium=social&utm_campaign=harvardbiz,2
/domain/hbr.org/,1
https://www.reddit.com/r/dataisbeautiful/comments/4b0ok4/economic_growth_isnt_over_but_it_doesnt_create/,1
https://hub.co-operativeinsurance.co.uk/maps-time-travel/,2
/domain/hub.co-operativeinsurance.co.uk/,1
https://www.reddit.com/user/just-amazing,1
https://www.reddit.com/r/dataisbeautiful/comments/4ayjrg/interactive_map_showing_2016_uk_journey_times/,1
http://unfiltered.news,2
/domain/unfiltered.news/,1
https://www.reddit.com/user/ImhugeinJapan99,1
https://www.reddit.com/r/dataisbeautiful/comments/4aygau/our_new_tool_shows_you_what_the_most_popular_news/,1
https://www.reddit.com/r/dataisbeautiful/?count=25&after=t3_4aygau,1
