#,44
/about/tos,16
/about/privacy,14
/,11
/about,10
/careers,10
/sitemap,10
/contact,9
/press,6
https://blog.quora.com,6
/What-are-the-rules-and-policies-for-Quora-Credits,1
mailto:copyright@quora.com,1
http://www.chillingeffects.org,1
http://www.chillingeffects.org/fairuse/notice.cgi?NoticeID=16887,1
/How-do-medical-disclaimers-work-on-Quora-What-is-the-policy-on-questions-about-medical-issues-and-problems,1
/How-do-legal-disclaimers-work-on-Quora-What-is-the-policy-on-questions-about-legal-issues-and-problems,1
http://www.quora.com/about/open_source_tos,1
/about/government_tos,1
mailto:feedback@quora.com,2
/about/challenges,6
/settings#views,1
http://www.networkadvertising.org/managing/opt_out.asp,1
http://www.aboutads.info/consumers,1
mailto:privacy@quora.com,2
/Iraq-in-2015/What-is-the-current-situation-in-Syria-and-Iraq,1
/Beijing-Issues-Red-Alert-for-Air-Pollution-December-2015/What-is-it-like-to-be-living-in-Beijing-right-now-December-2015-with-the-current-red-alert-on-air-quality,1
/Is-majoring-in-liberal-arts-a-mistake-for-college-students-today-2,1
/What-are-some-productivity-tips-from-various-professions,1
/Can-Irans-leaders-be-trusted,1
/What-is-a-typical-inmate-day-or-week-like-in-San-Quentin-Whats-the-schedule,1
/Climate-Change-and-Global-Warming-in-2014-15/Is-global-warming-a-hypothesis-or-theory,1
/What-are-the-best-deterrents-to-potential-burglars,1
/How-does-making-a-show-on-HBO-compare-to-making-a-show-for-other-networks,1
/profile/Gloria-Steinem,1
/profile/Stephen-Fry-1,1
/profile/Hillary-Clinton,1
/profile/Glenn-Beck,1
/profile/Sheryl-Sandberg,1
/profile/Vinod-Khosla,1
/profile/Gillian-Anderson,1
/careers/business_data_analyst_intern,1
/careers/data_scientist_new_grad,1
/careers/data_scientist_intern,1
/careers/director_of_data_science,1
/careers/design_producer,1
/careers/product_design_intern,1
https://blog.quora.com/Reading-List-%E2%80%94-A-New-Way-to-Save-Content-to-Read-Later,1
/careers/product_designer,1
/careers/product_designer_platform,1
/careers/staff_product_designer,1
/careers/user_research,1
/careers/engineering_manager_infrastructure,1
/careers/engineering_manager_machine_learning,1
http://engineering.quora.com/Machine-Learning-at-Quora,2
/careers/software_engineer,1
/careers/software_engineer_android,1
/careers/software_engineer_anti_abuse,1
/careers/software_engineer_growth,1
/careers/software_engineer_infrastructure_systems,1
/careers/software_engineer_javascript,1
/careers/software_engineer_machine_learning,1
/careers/software_engineer_new_grad,1
/careers/software_engineer_nlp,1
/careers/software_engineer_platform:_frameworks,1
/careers/software_engineer_product,1
/careers/staff_engineer_application_security,1
/careers/technical_lead_machine_learning,1
/careers/user_interface_engineer,1
/careers/head_of_it,1
/careers/head_of_outreach,1
/careers/writer_relations_manager_internationalization,1
/careers/recruiting_specialist,1
/careers/technical_recruiter,1
/careers/university_recruiter,1
/sitemap/recent,1
/sitemap/questions,1
/sitemap/topics,1
/sitemap/alphabetical_topics/all,1
/sitemap/people,1
/sessions,1
/topic/Health,1
/topic/Healthy-Eating,1
/topic/Medicine-and-Healthcare,1
/topic/Exercise,1
/topic/Healthy-Living,1
/topic/Nutrition,1
/topic/Mental-Health,1
/topic/History,1
/topic/World-History,1
/topic/History-of-the-United-States-1,1
/topic/Military-History-and-Wars-1,1
/topic/World-War-II,1
/topic/Philosophy,1
/topic/Religion,1
/topic/Philosophy-of-Science,1
/topic/Books,1
/topic/Writing,1
/topic/Literature,1
/topic/Book-Recommendations,1
/topic/Novels,1
/topic/Reading-1,1
/topic/Fiction,1
/topic/Literary-Fiction,1
/topic/Technology,1
/topic/Science,1
/topic/Computer-Science,1
/topic/Physics,1
/topic/Psychology,1
/topic/Economics,1
/topic/Mathematics,1
/topic/Technology-Trends,1
/topic/Computer-Programming,1
/topic/Software-Engineering,1
/topic/Machine-Learning,1
/topic/Social-Psychology,1
/topic/The-Universe,1
/topic/Algorithms,1
/topic/Neuroscience-1,1
/topic/Programming-Languages,1
/topic/Statistics-academic-discipline,1
/topic/Probability-statistics-1,1
/topic/Startups,1
/topic/Lean-Startups,1
/topic/Startup-Founders-and-Entrepreneurs,1
/topic/Startup-Advice-and-Strategy,1
/topic/Venture-Capital,1
/topic/Business,1
/topic/Entrepreneurship,1
/topic/Finance,1
/topic/Business-Strategy,1
/topic/Marketing,1
/topic/Investing,1
/topic/Business-Models,1
/topic/Stock-Market,1
/topic/Career-Advice,1
/topic/Personal-Finance,1
/topic/Money,1
/topic/Design,1
/topic/Photography,1
/topic/Fashion-and-Style-1,1
/topic/Fine-Art,1
/topic/Web-Design,1
/topic/User-Interfaces,1
/topic/Digital-Photography,1
/topic/Product-Design-physical-goods,1
/topic/Clothing-and-Apparel,1
/topic/Visiting-and-Travel-1,1
/topic/International-Travel,1
/topic/Vacations,1
/topic/Tourism,1
/topic/Travel-Hacks,1
/topic/Sports,1
/topic/Football-Soccer-2,1
/topic/Cricket-sport,1
/topic/Education,1
/topic/Scientific-Research,1
/topic/Higher-Education,1
/topic/Learning,1
/topic/TED,1
/topic/Graduate-School-Education,1
/topic/The-College-and-University-Experience,1
/topic/Journalism,1
/topic/Entertainment,1
/topic/Hollywood,1
/topic/Movies,1
/topic/Music,1
/topic/Rock-Music,1
/topic/Musicians,1
/topic/Television,1
/topic/Television-Series,1
/topic/Game-of-Thrones-TV-series,1
/topic/How-I-Met-Your-Mother-TV-series,1
/topic/Dating-and-Relationships-1,1
/topic/Life,1
/topic/Love,1
/topic/Humor,1
/topic/Self-Improvement,1
/topic/Social-Advice,1
/topic/Tips-and-Hacks-for-Everyday-Life,1
/topic/Interpersonal-Interaction,1
/topic/Life-Lessons,1
/topic/Friendship,1
/topic/Comedy,1
/topic/Life-Advice,1
/topic/Marriage,1
/topic/Dating-Advice,1
/topic/Politics,1
/topic/Government,1
/topic/International-Relations-3,1
/topic/Food,1
/topic/Cooking,1
/topic/Recipes,1
/topic/Restaurants,1
/topic/YouTube,1
/topic/Google,1
/topic/Facebook-1,1
/topic/Quora,3
/sitemap/alphabetical_topics/0,2
/sitemap/alphabetical_topics/a,2
/sitemap/alphabetical_topics/b,2
/sitemap/alphabetical_topics/c,2
/sitemap/alphabetical_topics/d,2
/sitemap/alphabetical_topics/e,2
/sitemap/alphabetical_topics/f,2
/sitemap/alphabetical_topics/g,2
/sitemap/alphabetical_topics/h,2
/sitemap/alphabetical_topics/i,2
/sitemap/alphabetical_topics/j,2
/sitemap/alphabetical_topics/k,2
/sitemap/alphabetical_topics/l,2
/sitemap/alphabetical_topics/m,2
/sitemap/alphabetical_topics/n,2
/sitemap/alphabetical_topics/o,2
/sitemap/alphabetical_topics/p,2
/sitemap/alphabetical_topics/q,2
/sitemap/alphabetical_topics/r,2
/sitemap/alphabetical_topics/s,2
/sitemap/alphabetical_topics/t,2
/sitemap/alphabetical_topics/u,2
/sitemap/alphabetical_topics/v,2
/sitemap/alphabetical_topics/w,2
/sitemap/alphabetical_topics/x,2
/sitemap/alphabetical_topics/y,2
/sitemap/alphabetical_topics/z,2
/Quora/How-do-I-get-started-using-Quora/answer/Quora-Official-Account,1
/What-are-Quoras-two-key-policy-principles/answer/Quora-Official-Account,1
/Quora/How-do-you-post-a-question-on-Quora/answer/Quora-Official-Account,1
/How-do-I-write-an-answer-on-Quora/answer/Quora-Official-Account,1
/What-does-a-good-answer-on-Quora-look-like-What-does-it-mean-to-be-helpful/answer/Quora-Official-Account,1
/Do-I-have-to-use-my-real-name-on-Quora-What-is-Quoras-Real-Names-policy/answer/Quora-Official-Account,1
/How-do-I-reset-my-password-on-Quora/answer/Quora-Official-Account,1
/Whats-the-difference-between-deactivating-and-deleting-my-Quora-account/answer/Quora-Official-Account,1
/How-can-I-unsubscribe-from-Quora-Digests/answer/Quora-Official-Account,1
/How-do-I-delete-my-Quora-account/answers/5543291,1
/How-do-you-toggle-Quora-email-notifications/answer/Quora-Official-Account,1
/Quora-Account-Services/I-accidentally-created-two-accounts-on-Quora-What-should-I-do/answer/Quora-Official-Account,1
/How-do-I-appeal-a-Quora-Moderation-decision/answer/Quora-Official-Account,1
/Who-owns-the-copyright-on-content-contributed-to-Quora/answer/Adam-DAngelo,1
/How-can-I-anonymously-add-content-on-Quora/answer/Quora-Official-Account,1
/How-do-I-block-someone-on-Quora-1/answer/Quora-Official-Account,1
mailto:press@quora.com,1
http://blog.quora.com/,1
http://www.quora.com/about/tos,1
/topic/Credits-discontinued-Quora-feature,2
/topic/Quora-Policies-and-Guidelines,1
None,8
/profile/Laura-Hale,3
/Why-were-Quora-credits-discontinued,1
/What-are-the-rules-and-policies-for-Quora-Credits/answer/Laura-Hale,1
/api/mobile_expanded_voter_list?type=answer&key=RH5G9YcGrmD,1
/profile/Phattharaphron-Bowichian,1
#MoreAnswers,1
/QCAG-Quora-Competitions-Awards-Games/Since-the-ask-to-answer-promote-and-credits-feature-has-changed-what-ways-are-there-now-to-use-Quora-credits-as-awards-or-rewards-for-competitions,2
/Quora-Policies-and-Guidelines/What-do-I-do-now-if-my-question-has-been-locked,2
/What-are-Quora-credits,3
/Credits-discontinued-Quora-feature/Why-did-my-A2A-cost-on-Quora-jump-up-to-58-400-without-me-doing-anything,2
/Quora-Policies-and-Guidelines/Is-it-ever-acceptable-to-answer-I-dont-know,2
/profile/Shubham-Soni-42,2
/What-are-the-rules-and-policies-for-Quora-Credits/answer/Shubham-Soni-42,1
/api/mobile_expanded_voter_list?type=answer&key=MWn0gkYEz8P,1
/profile/Dilip-Damle,2
/What-are-the-rules-and-policies-for-Quora-Credits/answer/Dilip-Damle,1
/api/mobile_expanded_voter_list?type=answer&key=a5NL292p2mD,1
/profile/Vikrant-Vaidya,1
/profile/Mayank-Jain-99,2
/topic/Request-Answers-Quora-feature,1
/topic/Promote-discontinued-Quora-feature,1
/What-is-the-goal-of-Quora-Credits,2
/What-are-the-rules-and-policies-for-Quora-Credits/answer/Mayank-Jain-99,1
/api/mobile_expanded_voter_list?type=answer&key=3mcPXwsb4Mj,1
/What-are-the-main-policies-and-guidelines-for-questions-on-Quora,2
/Getting-Started-on-Quora/If-my-question-was-re-directed-do-I-no-more-get-credits-when-people-follow-the-re-directed-question,2
/Credits-discontinued-Quora-feature/Now-that-Quora-has-ended-the-credits-feature-how-are-things-going-to-work,2
/Real-Names-Policy-on-Quora/Can-I-use-an-initial-instead-of-using-my-full-name,2
/Quora-Policies-and-Guidelines/What-kinds-of-answers-on-Quora-are-not-helpful,2
/Quora/How-do-I-get-started-using-Quora,1
/Real-Names-Policy-on-Quora/What-would-moderators-do-if-they-find-a-user-using-their-mothers-surname-instead-of-their-own-surname,1
/In-addition-to-Quoras-policies-what-are-some-good-formatting-standards-and-guidelines-for-the-site,1
/Credits-discontinued-Quora-feature/In-what-ways-would-you-re-design-a-new-reward-and-regulating-system-for-Quora-and-Quora-users-content,1
/Credits-discontinued-Quora-feature/In-hindsight-were-Quora-credits-a-good-thing,1
/Quora-Policies-and-Guidelines/How-should-Quora-protect-users-from-fraudulent-experts,1
/Quora-Policies-and-Guidelines/Should-the-answer-be-reported-if-someone-copies-it-directly-from-internet-adds-a-few-images-and-mentions-the-source-as-the-Internet,1
/Credits-discontinued-Quora-feature/Is-there-an-ideological-difference-between-those-who-care-about-them-and-those-that-dont,1
/Quora-Policies-and-Guidelines/Is-posting-illegal-links-to-copyrighted-material-against-Quora-policies,1
