/,11
/news,20
/reviews,24
/magazine,35
/podcast,21
http://www.wiredevent.co.uk/wired-health-2016,10
http://www.wired.co.uk/wired-video,10
http://www.wired.co.uk/wired-awake,10
http://www.wired.co.uk/newsletter,10
/wired-consulting,10
/wired-insider,10
/newsletter,11
/rss,10
/podcast/rss,10
http://twitter.com/wireduk,12
http://www.google.com/+WiredUK,10
http://www.facebook.com/wireduk,10
http://wireduk.tumblr.com/,10
http://www.condenast.co.uk/privacy/,30
http://www.condenast.co.uk/terms/,30
/wired-insider/contact-us,30
http://www.wired.co.uk/subscriptions,11
/podcast/episode-259,6
/news/archive/2016-03/18/galactica-alton-towers-virtual-reality-rollercoaster-samsung-gear-vr,8
/news/archive/2016-03/18/steam-powered-raspberry-pi,6
/news/archive/2016-03/18/nuclear-propulsion-nasa-mars-humans,6
/news/archive/2016-03/18/talktalk-voice-recognition-password-security,6
/magazine/archive/2016/04/start/vpn-use-worldwide-privacy-censorship,7
/news/archive/2016-03/18/playstation-vr-american-launch-bundles-revealed,6
/magazine/archive/2016/04/features/meicai-china-startup-connects-farmers-restaurants-food,7
/news/archive/2016-03/18/lab-grown-neural-network-alzheimers-parkinsons,6
/news/archive/2016-03/18/dna-analysis-humans-neanderthals-breeding,6
/news/archive/2016-03/18/lawbreakers-no-longer-free-to-play,6
/news/archive/2016-03/18/panasonic-robot-suit-exoskeleton,6
/news/archive/2016-03/18/pluto-what-we-know-new-studies-nasa-new-horizons,6
/news/archive/2016-03/18/wired-awake-18-march,8
/news/archive/2016-03/18/nokia-ozo-360-vr-camera-release-date-price,6
/news/archive/2016-03/17/google-selling-boston-dynamics,6
/magazine/archive/2016/04/features/ingdan-internet-of-things-ecosystem-business-connecting,7
/magazine/archive/2016/04/features/hax-hardware-accelerator-china,7
/news/archive/2016-03/17/tutankhamun-tomb-secret-rooms-scan,6
/news/archive/2016-03/17/lobo-movie-confirmed-writer-announced,6
/reviews/best-iphone-ipad-apps,8
/news/archive/2016-03/17/twitter-non-chronological-timeline-how-to-opt-out,6
/news/archive/2016-03/17/bumblebees-dont-like-sharing-flowers,6
/news/archive/2016-03/17/steve-wozniak-criticises-apple-watch-reddit-ama,6
/news/archive/2016-03/17/seaworld-stop-orca-breeding-killer-whales,6
/news/archive/2016-03/17/selfish-driving-urban-congestion-socially-aware-gps,6
/news/archive/2016-03/17/sky-virtual-reality-formula-one-video-vr-facebook,6
/magazine/archive/2016/04/features/deepglint-surveillance-cctv-real-world-searchable,7
/news/archive/2016-03/17/international-drifting-arctic-ice-station-global-warming,6
/news/archive/2016-03/17/dengue-vaccine-human-trial-complete-protection,6
#,10
http://arstechnica.co.uk,20
http://www.bridesmagazine.co.uk/,20
http://www.condenastcollege.co.uk/,20
http://www.johansens.com/,20
http://www.cntraveller.com/,20
http://www.glamourmagazine.co.uk/,20
http://www.gq-magazine.co.uk/,20
http://www.houseandgarden.co.uk/,20
http://www.thelovemagazine.co.uk/,20
http://www.tatler.co.uk/,20
http://www.vanityfair.co.uk/,20
http://www.vogue.co.uk/,20
http://www.worldofinteriors.co.uk/,20
http://www.wired.com/?us_site=y,20
http://www.wired.it/,20
http://wired.tw/,20
http://www.wired.de/,20
http://www.wired.jp/,20
http://www.condenast.co.uk/,10
/news/archive/2016-03/17/wired-awake-17-march,4
/news/archive/2016-03/16/nike-hyper-adapt-self-lacing-shoes,2
/news/archive/2016-03/16/oculus-rift-launch-games-revealed,2
/news/archive/2016-03/16/stagefright-android-real-world-hack,2
/news/archive/2016-03/16/nasa-fire-in-space-iss,2
/news/archive/2016-03/16/driverless-cars-uk-roads-2017-budget-2016,2
/news/archive/2016-03/16/budget-2016-airbnb-micro-entrepreneur-tax-savings,2
/reviews/mobile-phones,1
/reviews/tablets,1
/reviews/gadgets,1
/reviews/cameras-and-camcorders,1
/reviews/laptops,1
/reviews/tvs-and-home-cinema,1
/reviews/games,1
/reviews/drones/dji-phantom-4-drone-4k-camera-review,4
/reviews/laptops/2016-03/microsoft-surface-book-review,4
/reviews/tablets/2015-12/google-pixel-c-review,4
/reviews/mobile-phones/2015-12/sony-xperia-z5-compact-review,4
/reviews/tablets/2015-11/microsoft-surface-pro-4-review,4
/reviews/games/2015-11/star-wars-battlefront-uk-review,2
/reviews/tablets/2015-11/ipad-pro-review,2
/reviews/games/2015-11/fallout-4-review-day-five,2
/reviews/games/2015-11/rise-of-the-tomb-raider-review,2
/reviews/tvs-and-home-cinema/2015-10/apple-tv-review-2015,2
/reviews/games/2015-10/halo-5-guardians-review,2
/reviews/games/2015-10/assassins-creed-syndicate-review,2
/reviews/games/2015-10/guitar-hero-live-review,2
/reviews/games/2015-10/minecraft-story-mode-review,2
/reviews/games/2015-10/rock-band-4-review,2
/reviews/gadgets/2015-09/sony-smartband-2-review,2
/reviews/games/2015-09/fifa-16-review,2
/reviews/games/2015-09/skylanders-superchargers-review,2
/reviews/mobile-phones/2015-09/iphone-6s-review,2
/reviews/mobile-phones/2015-09/samsung-galaxy-s6-edge-plus-review,2
/reviews/games/2015-09/super-mario-maker-review-uk,2
/reviews/games/2015-09/forza-motorsport-6-review-xbox-one-rain,2
/reviews/mobile-phones/2015-09/moto-x-play-review,2
/reviews/games/2015-09/madden-nfl-16-review-uk,2
/reviews/games/2015-08/disney-infinity-30-review,2
/reviews/mobile-phones/2015-08/motorola-moto-g-(2015),2
/reviews/gadgets/2015-08/minecraft-gameband-review,2
/reviews/games/2015-08/everybodys-gone-to-the-rapture-review,2
/reviews/games/2015-08/rare-replay-review,2
/magazine/subscribe,1
/magazine/ipad,1
/magazine/archive,1
/topics,3
/magazine/archive/2016/04/start/editors-letter-april-2016,1
#CommentForm,1
/magazine/archive/2016/04/features,1
/magazine/archive/2016/04/features/xiaomi-lei-jun-internet-thinking,1
/magazine/archive/2016/04/features/shenzhen-china-electronics-market,1
/magazine/archive/2016/04/features/dji-drones-big-plans,1
/magazine/archive/2016/04/features/china-wearables-mobvoi-ticwatch-google,1
/magazine/archive/2016/04/features/autogo-china-petrol-station-brands-guang-xiao,1
/magazine/archive/2016/04/start,1
/magazine/archive/2016/04/start/arnhem-centraal-station-design,1
/magazine/archive/2016/04/start/recycling-tyres-concrete-anagennisi,1
/magazine/archive/2016/04/start/the-royal-mint-money-coins-currency-queen,1
/magazine/archive/2016/04/gear,1
/magazine/archive/2016/04/gear/nike-flyknit-lunar-epic-running-shoe,1
/magazine/archive/2016/04/gear/best-iron-review-prices-tefal-effectis-philips,1
/magazine/archive/2016/04/gear/best-multipurpose-power-tools-reviewed-dewalt-black--decker,1
/magazine/archive/2016/04/play,1
/magazine/archive/2016/04/play/brazil-museu-do-amanha-architecture,1
/magazine/archive/2016/04/play/eating-insects-mealworms-grub-recipe-book,1
/magazine/archive/2016/04/play/chinese-cinema-kung-fu-panda-3-pixels-monster-hunt,1
/magazine/archive/2016/04/features/loji-trucking-smartphone-app-china-lorries,1
/magazine/archive/2016/04/features/seeed-technology-china-rephone-smartphone-open-source,1
/magazine/archive/2016/04/features/little-red-book-xiaohongshu-crowdsourced-shopping-app,1
/magazine/archive/2016/04/features/tujia-china-home-sharing-app-airbnb,1
/magazine/archive/2016,1
/magazine/archive/2016/03,1
http://www.wired.co.uk/news,4
/news/archive/2011-11/08/how-to-find-love-in-45-mins,2
/news/archive/2012-11/29/bloop-mystery-not-solved-sort-of,1
/news/archive/2010-08/24/pissky,2
/news/archive/2012-01/12/how-to-reset-itunes-match,1
/news/archive/2013-01/31/grand-theft-auto-v-release-date-announced,2
/news/archive/2012-10/11/universe-computer-simulation,2
/news/archive/2012-11/08/halo-4-tips,1
/news/archive/2013-02/01/regretsy-closure,1
#WiredTwitter,2
http://facebook.com/wireduk,2
/podcastitunes,1
/podcastrss,1
/podcast/episode-258,2
/podcast/wired-stories-episode-1,2
/podcast/episode-257,2
/podcast/episode-256,2
/podcast/episode-255,2
/podcast/episode-254,2
/podcast/episode-253,2
/podcast/episode-252,2
/podcast/episode-251,2
/podcast/episode-250,2
/podcast/episode-249,2
/podcast/episode-248,2
/podcast/episode-247,2
/podcast/episode-246,2
/podcast/episode-245,2
/podcast/episode-244,2
/podcast/episode-243,2
/podcast/danny-boyle-steve-jobs,2
/podcast/episode-242,2
/podcast/episode-241,2
/podcast/episode-240,2
/podcast/episode-239,2
/podcast/episode-238,2
/podcast/episode-237,2
/podcast/episode-236,2
/podcast/episode-235,2
/podcast/episode-234,2
/podcast/episode-233,2
/podcast/episode-232,2
/news/archive/2016-02/29/bentley-bentayga-worlds-loudest-suv,2
/news/archive/2015-10/09/cannondale-slate-coolest-thing-wired-office-video,2
/news/archive/2015-09/25/nerf-modulus-coolest-thing-wired-office-video,2
/news/archive/2015-09/11/bb8-coolest-thing-wired-office-video,2
/news/archive/2015-09/11/divine-ds-wired-hyde-park,2
/news/archive/2015-09/03/olafur-eliasson-little-sun-charge,2
/news/archive/2015-08/28/reify-totem-coolest-thing-wired-office-video,2
/news/archive/2015-08/14/airwheels-airboard-coolest-thing-wired-office-video,2
/news/archive/2015-08/21/wireless-armour-coolest-thing-wired-office-video,2
/news/archive/2015-08/10/audi-r8-v10-plus-hands-on,2
/news/archive/2015-08/07/bionic-bird-video,2
/news/archive/2015-08/05/tv-white-space-drones-oxford-flood-network,2
/news/archive/2015-08/03/uk-drone-racing-video,2
/news/archive/2015-07/31/samsung-r6-r7-wireless-speakers,2
/news/archive/2015-07/24/vitastiq-coolest-object-in-the-wired-office,2
/news/archive/2015-07/17/robot-builders-video,2
/magazine/archive/2015/07/start/mast-brothers,2
/news/archive/2015-07/16/olafur-eliassons-berlin-studio-video,2
/news/archive/2015-07/17/chainsaw-video,2
/news/archive/2015-07/17/deepmind-videos,2
/news/archive/2015-07/17/racing-simulator-video,2
/news/archive/2015-06/22/e3-video-round-up,2
/news/archive/2015-04/14/digital-general-election,2
/news/archive/2015-04/17/literal-death-star-discovered,2
/news/archive/2015-04/16/shadow-of-the-beast-video-screenshot-sony-digital-showcase,2
/news/archive/2016-03/16/wired-awake-16-march,2
/news/archive/2016-03/15/wired-awake-15-march,2
/news/archive/2016-03/14/wired-awake-14-march,2
/news/archive/2016-03/11/wired-awake-11-march,2
/news/archive/2016-03/10/wired-awake-10-march,2
/news/archive/2016-03/09/wired-awake-9-march,2
/news/archive/2016-03/08/wired-awake-8-march,2
/news/archive/2016-03/07/wired-awake-7-march,2
/news/archive/2016-03/04/wired-awake-4-march,2
/news/archive/2016-03/03/wired-awake-3-march,2
/news/archive/2016-03/02/wired-awake-2-march,2
/news/archive/2016-03/01/wired-awake-1-march,2
/news/archive/2016-02/29/wired-awake-29-feburary,2
/news/archive/2016-02/26/wired-awake-26-feburary,2
/news/archive/2016-02/25/wired-awake-25-feburary,2
/news/archive/2016-02/24/wired-awake-24-feburary,2
/news/archive/2016-02/23/wired-awake-23-feburary,2
/news/archive/2016-02/22/wired-awake-22-feburary,2
/news/archive/2016-02/19/wired-awake-19-feburary,2
/news/archive/2016-02/18/wired-awake-18-feburary,2
/news/archive/2016-02/17/wired-awake-17-feburary,2
/news/archive/2016-02/16/wired-awake-16-feburary,2
/news/archive/2016-02/15/wired-awake-15-feburary,2
/news/archive/2016-02/12/wired-awake-12-feburary,2
/news/archive/2016-02/11/wired-awake-11-feburary,2
/news/archive/2016-02/10/wired-awake-10-feburary,2
/news/archive/2016-02/09/wired-awake-9-feburary,2
/news/archive/2016-02/08/wired-awake-8-feburary,2
"javascript:__doPostBack('ctl00$ctl00$ctl00$MainContent$MainContent$SubmitButton','')",1
None,1
/david-rowan's-blog,1
/science,1
/news/archive/2012-03/09/230-percent-efficient-leds,1
/badoo,1
/magazine/archive/2011/05/features/sexual-network,1
/news/archive/2012-10/05/boosting-facebook-like-stats,1
/news/archive/2012-02/10/phones-4u-jump,1
/news/archive/2013-03/19/exynos-5-octa,1
/news/archive/2013-03/26/facebook-calls,1
/news/archive/2010-05/19/get-the-cheapest-uk-ipad-a-buyers-guide,1
mailto:consulting@wired.co.uk,1
